"Department","Experience","Education","Productivity","TrainingSessions","RemoteWork","Salary","HealthWellness","ManagementSatisfaction","PerformanceRating","YearsActive","JobSatisfaction"
"Office",7,"High School",7,2,37,4517,"no",8,8,1,66
"Hardware",7,"High School",4,12,62,4197,"no",6,6,3,24
"Hardware",7,"Bachelor",7,15,28,4073,"yes",8,8,2,67
"Software",7,"Bachelor",10,10,22,5204,"no",6,6,3,59
"Hardware",8,"High School",5,12,68,6085,"no",6,6,2,59
"Hardware",7,"High School",5,19,58,2382,"yes",7,7,2,40
"Office",6,"Bachelor",6,21,53,2807,"no",8,8,6,44
"Office",6,"Master",8,16,38,3284,"no",7,7,6,73
"Software",3,"Bachelor",8,11,33,1932,"no",7,7,2,8
"Other",5,"Bachelor",6,12,33,2184,"no",6,6,10,32
"Office",8,"Bachelor",8,18,43,5762,"no",7,7,9,82
"Hardware",6,"Bachelor",3,25,54,2175,"no",9,9,4,30
"Office",6,"High School",8,17,20,2733,"no",7,7,2,71
"Office",7,"Bachelor",10,17,35,3260,"no",8,8,10,61
"Hardware",3,"Master",2,16,0,1966,"no",7,7,3,54
"Office",7,"Master",8,10,100,2539,"yes",7,7,4,68
"Office",7,"High School",10,17,61,3615,"no",7,7,3,45
"Office",6,"High School",6,13,48,2186,"no",8,8,2,34
"Office",5,"Bachelor",6,10,66,2151,"no",6,6,1,52
"Software",8,"Bachelor",9,12,51,2574,"no",9,9,3,48
"Office",7,"Master",6,23,72,3188,"no",8,8,7,53
"Hardware",6,"High School",5,12,30,2034,"no",8,8,1,28
"Other",5,"Bachelor",6,20,72,2296,"yes",7,7,3,47
"Hardware",5,"Master",6,12,26,2633,"no",9,9,6,53
"Hardware",6,"Bachelor",5,22,52,2141,"no",7,7,5,46
"Hardware",9,"High School",5,16,64,6106,"no",7,7,2,59
"Hardware",5,"Bachelor",6,13,47,2496,"no",9,9,5,54
"Software",6,"Bachelor",4,22,15,3331,"no",7,7,3,41
"Hardware",6,"Bachelor",4,14,40,2845,"no",8,8,0,51
"Hardware",6,"Bachelor",5,18,42,2623,"yes",8,8,5,34
"Office",7,"Master",9,21,52,2798,"no",7,7,3,40
"Other",4,"Bachelor",8,8,44,2058,"no",8,8,7,42
"Office",6,"Bachelor",9,10,39,3328,"no",6,6,2,70
"Office",5,"Master",8,12,49,2728,"no",8,8,5,50
"Hardware",6,"Bachelor",4,13,36,2335,"no",7,7,4,48
"Hardware",5,"High School",6,19,35,2020,"no",7,7,5,22
"Office",7,"Bachelor",7,13,47,2445,"yes",6,6,4,61
"Office",8,"High School",4,20,36,3082,"yes",8,8,5,36
"Other",6,"High School",7,16,17,2296,"no",9,10,3,18
"Other",7,"High School",6,11,30,3246,"no",5,5,2,41
"Hardware",7,"Bachelor",6,21,27,2160,"no",9,9,3,36
"Office",6,"Bachelor",8,18,50,1974,"no",9,9,2,24
"Office",7,"Bachelor",8,21,58,2925,"no",6,6,1,72
"Office",7,"High School",9,12,21,3665,"yes",8,8,14,95
"Hardware",6,"High School",5,11,93,2141,"no",5,5,3,4
"Software",5,"High School",8,19,19,2069,"no",8,8,8,59
"Software",5,"High School",9,15,43,2506,"no",8,8,3,31
"Office",6,"High School",9,13,72,3267,"no",6,6,4,33
"Hardware",7,"High School",5,4,55,3398,"yes",6,6,4,45
"Hardware",6,"High School",6,14,53,2563,"no",7,7,10,59
"Office",6,"High School",8,23,34,2710,"no",8,8,3,57
"Office",6,"High School",10,27,51,3277,"yes",7,7,11,61
"Office",4,"High School",8,15,4,1979,"yes",6,6,5,10
"Software",7,"Bachelor",8,24,54,2896,"yes",8,8,2,14
"Hardware",8,"Bachelor",5,21,62,4850,"no",7,7,6,68
"Hardware",9,"High School",8,21,42,7543,"no",6,6,4,62
"Office",7,"Bachelor",8,10,27,4354,"no",7,7,3,62
"Office",3,"Bachelor",10,14,20,1989,"no",5,5,6,45
"Hardware",6,"Bachelor",7,20,54,3798,"no",8,8,3,62
"Software",6,"Bachelor",7,23,61,2973,"no",6,6,4,66
"Hardware",7,"Master",4,11,62,5532,"no",7,7,2,39
"Hardware",6,"PhD",5,1,58,4251,"yes",7,7,7,31
"Hardware",6,"Master",6,18,72,2267,"no",6,5,6,53
"Other",7,"High School",6,20,100,2839,"no",8,8,9,28
"Software",6,"Bachelor",7,14,21,3037,"no",7,7,8,57
"Office",7,"High School",7,20,61,3166,"no",8,8,2,34
"Other",4,"Bachelor",7,20,64,2078,"no",7,7,6,34
"Hardware",4,"Master",6,20,36,2862,"yes",7,7,7,39
"Office",4,"Bachelor",8,17,22,2145,"no",8,8,5,54
"Office",5,"Bachelor",8,15,17,2521,"no",6,6,6,38
"Office",6,"High School",9,3,66,3259,"no",5,5,5,62
"Office",8,"Master",8,15,21,4944,"no",7,7,7,72
"Office",7,"High School",9,9,35,3055,"yes",7,7,4,53
"Office",8,"High School",8,19,48,5720,"no",8,8,0,67
"Office",6,"High School",8,6,51,3162,"no",9,9,4,59
"Office",4,"Bachelor",6,13,47,1848,"no",7,7,4,27
"Office",7,"Bachelor",8,20,68,2393,"yes",7,7,7,39
"Software",5,"High School",7,10,27,3830,"no",7,7,14,60
"Office",5,"High School",8,19,16,3951,"no",7,7,11,46
"Office",6,"High School",8,16,43,2452,"yes",8,8,5,42
"Office",8,"High School",9,11,30,2836,"no",7,7,7,63
"Office",5,"Bachelor",6,15,35,2470,"no",6,6,6,40
"Hardware",5,"High School",6,18,71,3634,"no",7,7,6,45
"Hardware",5,"Bachelor",6,15,40,3272,"no",5,5,2,44
"Other",6,"Bachelor",5,16,66,2016,"no",9,9,3,27
"Office",5,"High School",7,13,36,2451,"yes",6,6,9,34
"Office",6,"Bachelor",9,23,43,2614,"no",8,8,3,54
"Software",6,"Bachelor",9,8,35,2990,"no",7,7,5,40
"Hardware",6,"Bachelor",4,13,47,2129,"no",7,7,4,33
"Software",6,"High School",9,17,36,2566,"no",7,7,8,36
"Office",7,"Master",7,16,45,4786,"no",7,7,4,49
"Office",6,"Bachelor",9,12,24,2594,"no",7,7,4,39
"Office",6,"Bachelor",6,12,49,3426,"no",6,6,7,49
"Office",5,"Master",8,11,32,2474,"no",6,6,2,47
"Software",7,"Bachelor",4,22,57,2780,"no",5,5,3,31
"Hardware",7,"Bachelor",8,10,64,2949,"no",7,7,9,56
"Office",6,"High School",5,5,57,3006,"no",8,8,1,55
"Hardware",6,"High School",4,20,43,2104,"no",7,7,7,26
"Software",6,"Master",7,21,56,2477,"no",8,8,4,17
"Office",7,"Bachelor",5,16,68,3263,"no",7,7,1,52
"Office",4,"High School",6,16,45,2555,"no",6,6,6,60
"Office",8,"Master",7,12,41,2359,"no",6,6,3,47
"Hardware",5,"Bachelor",5,15,44,2635,"no",7,7,2,63
"Hardware",7,"High School",5,20,49,2359,"no",7,7,5,30
"Office",9,"High School",5,8,18,2460,"no",6,6,10,38
"Hardware",6,"Bachelor",4,22,53,2314,"no",6,6,13,55
"Hardware",0,"Bachelor",7,22,12,2007,"no",7,7,8,45
"Office",8,"High School",6,13,23,3041,"no",6,6,7,47
"Office",3,"Master",8,14,22,2030,"no",5,5,1,36
"Software",7,"Master",9,24,36,5130,"no",9,9,4,59
"Office",6,"High School",8,12,45,2730,"no",8,8,3,52
"Hardware",7,"Bachelor",7,19,34,2292,"no",9,9,6,43
"Office",5,"Bachelor",8,11,58,2479,"no",7,7,2,36
"Office",6,"High School",6,13,32,2516,"no",9,9,11,66
"Hardware",6,"High School",4,13,32,2346,"no",7,6,7,25
"Office",4,"High School",8,19,28,2846,"no",9,9,2,55
"Office",6,"Bachelor",10,9,38,2663,"no",7,7,5,63
"Hardware",3,"Bachelor",8,14,71,1941,"no",7,7,1,58
"Hardware",7,"High School",5,8,15,2449,"no",7,7,2,-4
"Office",7,"High School",9,25,39,4076,"no",7,7,3,49
"Hardware",7,"Bachelor",6,15,5,3336,"no",9,9,0,59
"Office",4,"High School",9,12,37,2057,"no",6,6,4,34
"Software",7,"Master",8,15,58,3438,"yes",8,8,10,54
"Hardware",7,"High School",5,8,53,4443,"yes",6,6,5,40
"Other",7,"Bachelor",8,19,58,4046,"yes",6,6,8,83
"Other",5,"Bachelor",9,8,53,2825,"yes",7,7,3,68
"Other",8,"Master",5,7,0,5085,"no",8,8,4,26
"Office",6,"Master",8,17,28,2568,"no",7,7,7,72
"Office",6,"Bachelor",8,10,15,3221,"yes",6,6,5,45
"Software",7,"Bachelor",9,9,21,3364,"yes",9,9,8,45
"Hardware",8,"High School",4,19,7,4088,"no",7,7,9,52
"Office",8,"High School",8,12,32,3884,"no",7,7,7,42
"Other",7,"High School",6,17,11,2194,"no",6,6,4,47
"Office",7,"Master",8,13,19,3052,"no",8,8,5,53
"Office",5,"Master",6,19,34,2706,"no",8,8,7,54
"Office",4,"High School",7,19,73,1867,"no",7,8,2,15
"Office",6,"High School",6,10,24,2653,"no",7,7,0,46
"Software",4,"Master",5,10,50,3082,"no",6,6,2,58
"Hardware",5,"Bachelor",5,18,49,4155,"yes",5,5,3,55
"Hardware",6,"Bachelor",5,5,48,2343,"yes",7,7,5,2
"Software",7,"Bachelor",8,19,71,2729,"no",6,6,2,52
"Office",6,"High School",8,16,20,2954,"no",8,8,3,44
"Office",6,"Bachelor",8,13,39,3294,"yes",6,6,12,74
"Hardware",4,"Bachelor",3,15,48,2741,"yes",7,7,2,48
"Office",7,"High School",9,2,18,2874,"no",7,7,4,38
"Office",7,"Bachelor",9,12,71,2404,"no",7,7,6,62
"Software",3,"Bachelor",8,19,48,2324,"no",6,6,5,32
"Software",6,"High School",9,12,31,3281,"no",9,9,0,61
"Software",6,"Master",6,12,8,2472,"no",7,7,2,33
"Hardware",6,"Master",8,21,14,3390,"no",8,8,5,51
"Software",6,"Bachelor",8,21,37,1959,"no",8,8,5,42
"Software",6,"Bachelor",6,13,33,2374,"no",8,8,4,36
"Office",6,"High School",8,7,18,2525,"no",5,5,0,51
"Hardware",7,"High School",6,17,44,2632,"no",6,6,11,23
"Hardware",4,"Bachelor",6,10,29,2228,"no",8,8,9,36
"Hardware",7,"Master",4,20,46,6827,"no",7,7,5,63
"Office",7,"Bachelor",7,16,71,2708,"no",7,7,5,50
"Hardware",7,"Bachelor",6,5,19,2812,"no",7,7,3,72
"Office",8,"High School",8,17,10,3483,"no",6,6,3,35
"Hardware",7,"High School",7,2,32,3549,"no",7,7,8,50
"Hardware",6,"Bachelor",7,25,16,2839,"no",8,7,6,36
"Hardware",7,"Bachelor",4,18,31,2753,"yes",6,6,4,41
"Office",7,"High School",9,11,4,3183,"no",7,7,3,67
"Hardware",6,"Bachelor",4,13,46,1921,"no",6,6,9,45
"Hardware",8,"High School",5,19,10,4691,"no",8,8,2,40
"Other",3,"High School",8,15,22,2131,"no",7,7,7,46
"Other",8,"High School",9,13,35,3246,"no",8,8,1,43
"Hardware",6,"Bachelor",7,20,37,2817,"no",7,7,9,51
"Hardware",7,"Bachelor",3,8,39,3854,"no",8,8,9,69
"Office",3,"Master",9,11,15,1809,"no",6,6,7,24
"Office",7,"Bachelor",6,20,59,3235,"no",6,6,2,42
"Software",7,"High School",10,9,71,2350,"yes",7,7,3,32
"Software",0,"High School",9,12,42,2166,"yes",7,7,8,27
"Office",4,"Bachelor",5,22,33,2339,"no",8,8,3,32
"Hardware",5,"PhD",3,20,61,3402,"no",7,7,0,30
"Other",7,"Bachelor",4,16,32,2805,"no",9,9,2,49
"Software",8,"PhD",7,15,45,2649,"yes",6,6,3,33
"Office",5,"Master",6,17,25,2272,"no",8,8,5,46
"Other",8,"Master",7,20,15,5171,"no",9,9,1,69
"Software",8,"Bachelor",8,15,33,3390,"no",6,6,3,66
"Hardware",2,"High School",4,18,48,1846,"no",8,8,12,33
"Office",4,"Master",8,18,38,3291,"yes",7,7,7,41
"Hardware",7,"High School",5,24,50,2349,"yes",7,7,4,32
"Hardware",6,"Master",4,18,17,2061,"no",9,9,1,15
"Hardware",7,"Bachelor",4,13,38,2288,"no",8,8,1,33
"Office",7,"Bachelor",10,9,4,4483,"no",6,6,6,71
"Software",7,"Bachelor",7,22,23,2320,"no",6,7,6,54
"Office",4,"Bachelor",8,11,45,2214,"no",8,8,3,31
"Office",8,"High School",8,11,30,3503,"no",6,6,6,39
"Hardware",7,"High School",4,17,56,2945,"no",7,7,5,32
"Office",8,"Master",10,10,47,3834,"no",6,6,3,67
"Software",4,"High School",9,7,45,2927,"no",8,8,4,54
"Office",6,"High School",8,11,59,2334,"no",7,7,1,31
"Office",4,"Master",8,9,49,1869,"no",9,8,2,24
"Hardware",4,"Bachelor",5,12,18,2033,"no",7,7,2,20
"Hardware",5,"Bachelor",6,10,54,3418,"no",7,7,4,69
"Hardware",5,"Bachelor",4,10,65,2323,"no",7,7,2,50
"Hardware",6,"Bachelor",2,9,29,2157,"no",7,7,6,37
"Office",6,"Master",8,6,60,4289,"no",7,7,6,68
"Other",5,"Bachelor",5,8,20,3127,"no",6,6,11,39
"Software",6,"High School",7,23,42,3048,"no",5,5,7,43
"Office",6,"Bachelor",7,12,38,2452,"no",6,6,10,43
"Software",6,"High School",6,9,6,3050,"no",6,6,2,17
"Office",7,"High School",7,15,30,3392,"yes",6,6,6,56
"Office",9,"Bachelor",8,12,48,4196,"no",7,7,4,63
"Hardware",7,"High School",4,16,14,2531,"no",7,7,5,12
"Office",4,"Bachelor",8,23,23,2317,"no",7,7,9,83
"Hardware",8,"Bachelor",4,12,16,7363,"no",8,9,2,73
"Software",0,"Master",7,15,43,1811,"no",7,7,3,-16
"Other",8,"Bachelor",7,15,33,3448,"no",8,8,9,63
"Hardware",6,"Bachelor",5,18,50,4369,"no",7,7,3,58
"Software",6,"High School",9,19,27,2912,"no",6,6,2,39
"Hardware",7,"Bachelor",3,6,38,2322,"yes",8,8,4,51
"Software",6,"Bachelor",7,20,45,3032,"no",7,8,12,50
"Hardware",5,"Bachelor",3,13,0,2253,"no",8,8,2,27
"Hardware",5,"High School",4,13,58,3213,"no",6,6,5,32
"Software",2,"High School",7,11,53,2342,"no",7,7,4,24
"Other",7,"Bachelor",6,10,45,4243,"no",9,9,4,68
"Hardware",5,"High School",7,9,17,2001,"no",7,7,1,31
"Hardware",5,"Bachelor",6,22,56,2149,"no",10,10,3,54
"Software",8,"High School",8,15,17,3209,"no",9,9,2,46
"Other",4,"High School",7,13,24,2725,"no",9,9,8,50
"Hardware",6,"Bachelor",7,10,11,2621,"no",7,7,10,68
"Hardware",5,"High School",2,16,33,2898,"no",7,7,6,42
"Software",7,"Bachelor",6,17,53,4046,"no",9,9,3,56
"Hardware",7,"Master",3,16,52,2824,"no",8,8,3,34
"Office",7,"Master",9,22,9,6104,"no",7,7,4,92
"Other",6,"High School",8,21,30,2262,"yes",7,7,7,45
"Office",6,"High School",8,12,71,2955,"no",6,6,5,62
"Office",8,"High School",6,14,28,4108,"no",8,8,7,66
"Hardware",8,"Bachelor",5,20,44,3690,"no",7,7,3,58
"Office",7,"High School",6,14,45,3302,"yes",7,7,5,43
"Office",6,"High School",8,8,47,3812,"no",7,7,5,56
"Hardware",5,"Master",2,15,63,2694,"no",6,6,12,34
"Office",6,"Bachelor",9,13,69,2742,"no",7,7,5,35
"Office",5,"Bachelor",6,19,50,2495,"no",8,8,9,60
"Hardware",2,"High School",2,11,8,2255,"no",8,8,3,25
"Office",7,"High School",10,21,24,3769,"no",6,6,11,67
"Other",8,"Bachelor",6,13,27,4243,"no",6,6,6,58
"Office",6,"High School",9,13,14,2197,"no",8,8,6,51
"Hardware",6,"Bachelor",3,19,35,2771,"no",6,6,3,54
"Other",6,"Master",8,11,42,2805,"no",6,6,5,50
"Hardware",6,"High School",7,8,53,2552,"no",6,6,5,11
"Software",5,"Master",7,17,63,2227,"yes",7,7,3,35
"Office",7,"High School",8,17,30,2094,"no",7,7,4,37
"Other",6,"Master",6,18,49,3114,"yes",6,6,7,45
"Office",5,"Master",8,8,26,2724,"yes",6,6,3,51
"Office",9,"High School",8,14,65,6873,"no",6,6,8,65
"Hardware",7,"Bachelor",5,21,8,3554,"no",8,8,4,53
"Office",7,"PhD",8,21,82,4140,"no",7,7,5,54
"Office",7,"Master",6,11,46,3992,"no",7,7,2,26
"Hardware",4,"Master",5,12,41,2398,"yes",8,8,8,54
"Office",4,"Bachelor",6,15,50,2341,"no",8,9,2,41
"Office",6,"PhD",6,15,35,2265,"no",7,7,5,33
"Hardware",4,"Bachelor",5,13,42,2323,"no",7,6,1,27
"Office",6,"Bachelor",9,11,44,2778,"no",6,6,7,48
"Other",6,"Bachelor",6,18,56,2526,"no",6,6,3,35
"Hardware",7,"High School",3,25,60,3770,"no",6,6,5,25
"Hardware",5,"Bachelor",4,10,43,2040,"no",6,6,6,39
"Office",5,"High School",7,18,67,2353,"yes",6,6,7,28
"Software",7,"Bachelor",7,19,0,3505,"no",8,8,8,90
"Software",7,"High School",4,10,52,2391,"no",8,8,5,30
"Hardware",7,"Bachelor",3,25,41,3179,"no",6,6,5,53
"Software",6,"Master",7,14,63,3490,"no",9,9,4,58
"Hardware",8,"Bachelor",5,18,52,4952,"no",8,8,6,91
"Hardware",7,"Bachelor",5,20,64,2941,"no",8,8,1,27
"Hardware",8,"High School",6,10,49,4038,"no",7,7,6,43
"Other",5,"Master",6,8,43,2881,"yes",7,7,5,41
"Office",7,"High School",7,17,69,3896,"no",8,8,4,39
"Office",8,"High School",8,18,25,5495,"yes",7,7,3,42
"Hardware",6,"High School",7,15,59,2185,"no",7,7,10,41
"Hardware",6,"Bachelor",3,12,22,3327,"yes",7,7,2,46
"Office",7,"Bachelor",8,11,27,2642,"no",8,8,4,67
"Software",3,"Bachelor",10,15,74,3130,"yes",8,8,3,47
"Office",3,"PhD",8,9,48,1811,"no",7,7,3,26
"Hardware",7,"High School",5,11,61,2940,"no",8,9,6,53
"Hardware",5,"Bachelor",2,16,14,2284,"no",6,6,2,21
"Office",6,"Bachelor",8,15,56,3425,"no",9,9,7,92
"Office",7,"High School",4,13,37,2954,"no",8,7,3,37
"Office",6,"High School",7,10,38,2313,"yes",6,6,6,32
"Hardware",7,"Bachelor",6,24,18,2241,"no",7,7,2,28
"Hardware",4,"Master",5,18,38,1860,"no",6,6,4,18
"Office",7,"Master",8,17,50,3596,"no",7,7,1,58
"Other",4,"Bachelor",7,11,58,3628,"no",6,6,7,53
"Office",8,"Bachelor",5,20,56,3286,"no",6,6,6,44
"Office",7,"High School",8,9,43,4570,"no",7,7,8,61
"Hardware",6,"Bachelor",8,19,41,2981,"no",6,6,3,73
"Hardware",8,"Bachelor",4,17,28,3166,"no",5,5,7,32
"Hardware",5,"Master",6,18,53,2135,"no",8,8,6,33
"Software",7,"PhD",9,26,7,4868,"yes",6,6,2,47
"Office",8,"High School",7,18,49,3906,"no",7,7,3,26
"Hardware",6,"Bachelor",4,12,46,3306,"no",6,6,5,59
"Hardware",7,"Bachelor",8,21,18,2005,"no",5,5,2,51
"Office",6,"Bachelor",10,18,40,2341,"yes",8,8,2,55
"Office",7,"Bachelor",7,19,35,4555,"no",7,7,4,75
"Office",7,"Bachelor",10,15,32,3738,"no",9,9,7,59
"Hardware",6,"Master",7,20,14,2271,"no",7,7,8,45
"Office",8,"Bachelor",8,22,34,2902,"no",6,6,6,79
"Other",8,"High School",6,10,39,5556,"no",6,6,4,79
"Hardware",6,"High School",6,7,20,3905,"no",6,6,3,42
"Office",8,"Master",8,17,22,5181,"no",7,7,9,77
"Office",7,"Master",8,17,20,3039,"no",8,8,3,87
"Office",6,"Bachelor",9,23,23,2504,"yes",7,7,3,68
"Hardware",7,"High School",7,10,64,2833,"yes",8,8,5,48
"Software",7,"Master",4,12,62,2268,"no",7,7,11,22
"Other",6,"Master",7,9,57,2407,"no",6,6,5,45
"Hardware",6,"Bachelor",8,8,45,3224,"no",6,6,2,22
"Hardware",6,"Master",3,19,65,4079,"yes",7,7,9,45
"Office",5,"Master",6,12,39,3198,"no",5,5,4,48
"Office",8,"Bachelor",7,27,57,3556,"no",7,7,1,63
"Other",3,"Master",8,14,0,1957,"no",6,6,3,36
"Hardware",3,"Bachelor",5,9,32,2263,"no",5,5,4,39
"Office",7,"PhD",6,19,14,2522,"no",9,9,9,39
"Hardware",6,"Master",7,12,0,2359,"no",8,8,4,57
"Hardware",5,"High School",4,10,61,2944,"yes",8,8,3,29
"Office",4,"High School",8,16,34,2404,"no",8,8,1,35
"Software",8,"High School",8,19,46,5141,"no",9,9,3,41
"Hardware",4,"High School",6,16,66,2997,"no",8,8,4,80
"Hardware",4,"Master",6,18,34,1999,"no",9,9,4,24
"Office",6,"Bachelor",7,15,37,4431,"no",8,8,2,52
"Hardware",3,"PhD",6,11,48,1883,"no",7,7,1,25
"Hardware",4,"Master",3,13,51,2250,"no",6,6,6,19
"Office",9,"High School",8,16,39,11800,"no",7,7,2,98
"Other",7,"Master",7,5,44,6306,"no",4,4,6,75
"Office",7,"High School",5,25,24,2466,"no",7,7,9,28
"Other",7,"Bachelor",4,15,42,3895,"no",7,7,6,25
"Office",6,"PhD",8,7,37,4560,"yes",7,7,5,57
"Office",5,"Master",8,24,71,2516,"no",7,7,1,36
"Other",8,"Bachelor",7,21,24,5470,"no",6,6,2,73
"Office",7,"Bachelor",8,16,48,2974,"yes",6,6,4,59
"Hardware",5,"Master",6,10,36,3406,"no",7,7,3,43
"Hardware",8,"Master",4,7,29,3557,"no",8,8,5,50
"Office",5,"Bachelor",5,16,66,2119,"no",7,7,7,49
"Hardware",9,"Bachelor",4,14,62,5641,"no",8,8,6,66
"Hardware",4,"Bachelor",8,24,56,2051,"yes",5,5,10,76
"Other",4,"Bachelor",5,19,53,1867,"no",8,9,10,34
"Hardware",4,"Master",5,6,64,2699,"no",7,7,5,37
"Office",4,"High School",9,17,2,2023,"no",8,8,6,50
"Hardware",6,"Bachelor",5,9,43,2754,"no",7,7,11,42
"Hardware",6,"High School",4,17,50,3769,"no",7,7,15,74
"Office",5,"Master",7,19,19,1820,"no",7,7,6,45
"Office",5,"Bachelor",8,9,44,2293,"yes",8,8,5,74
"Office",7,"Bachelor",9,9,21,3598,"no",5,5,3,61
"Office",7,"Bachelor",10,18,25,3321,"no",7,8,0,82
"Hardware",6,"Master",5,10,11,2658,"no",8,8,5,38
"Hardware",6,"Bachelor",4,24,29,1906,"no",8,8,4,18
"Other",5,"Bachelor",4,20,11,1866,"no",7,7,3,19
"Hardware",7,"PhD",8,10,27,5200,"no",8,8,7,55
"Hardware",7,"Bachelor",4,26,58,4430,"no",7,7,6,47
"Office",6,"Master",8,14,22,2691,"no",7,7,5,75
"Hardware",6,"Bachelor",7,10,51,3833,"no",7,7,8,70
"Office",7,"Bachelor",5,15,28,3750,"yes",8,9,5,79
"Software",6,"High School",8,18,35,4055,"no",6,6,2,53
"Office",7,"High School",8,9,7,3508,"no",8,9,5,38
"Office",5,"High School",9,11,36,1895,"no",5,5,2,27
"Hardware",5,"High School",5,2,31,2513,"no",6,6,16,29
"Office",8,"High School",6,16,75,6358,"no",4,4,5,68
"Other",4,"Bachelor",6,18,19,2093,"no",7,7,6,27
"Office",7,"Bachelor",7,12,32,3286,"no",6,6,5,58
"Hardware",4,"Bachelor",2,17,52,2487,"no",8,8,4,44
"Hardware",7,"High School",5,14,64,2339,"no",7,7,14,40
"Office",6,"Bachelor",9,17,49,2738,"yes",6,6,7,66
"Office",5,"High School",7,5,25,4288,"no",7,7,6,45
"Hardware",6,"High School",6,18,43,3142,"no",6,6,2,51
"Office",3,"High School",10,16,40,1823,"yes",7,7,7,36
"Hardware",7,"Bachelor",5,15,28,4199,"no",8,8,2,74
"Hardware",8,"Bachelor",6,11,27,3982,"yes",7,7,7,79
"Hardware",6,"Bachelor",2,5,19,2053,"no",8,8,9,39
"Office",6,"Bachelor",6,19,61,2137,"no",7,7,4,39
"Hardware",7,"High School",4,18,13,4383,"yes",7,7,4,46
"Office",5,"High School",8,17,52,2361,"no",7,7,3,14
"Office",7,"High School",9,9,28,2319,"no",8,8,8,63
"Hardware",6,"Bachelor",6,12,65,2643,"no",7,7,4,64
"Other",6,"Master",9,12,10,3117,"no",6,6,5,45
"Other",6,"High School",4,20,35,2140,"no",8,8,3,25
"Office",6,"Bachelor",7,21,58,3339,"yes",8,8,10,57
"Software",6,"Bachelor",6,15,4,2937,"yes",8,8,3,66
"Office",6,"High School",6,15,52,2679,"no",7,7,1,48
"Office",6,"Bachelor",9,21,27,3162,"no",7,7,6,73
"Office",7,"Bachelor",7,20,66,3501,"no",8,8,5,54
"Hardware",4,"Bachelor",6,12,48,2174,"no",7,7,7,44
"Office",6,"Bachelor",6,20,25,3777,"no",7,7,3,66
"Office",6,"Bachelor",6,17,47,4102,"no",8,8,4,61
"Office",5,"Bachelor",8,10,52,1923,"no",7,7,5,40
"Other",6,"Master",6,14,55,3196,"no",6,6,4,26
"Office",6,"High School",9,21,57,3376,"no",7,7,2,58
"Office",6,"Bachelor",8,18,55,2153,"no",8,8,4,32
"Hardware",6,"High School",6,17,30,2254,"no",6,6,12,29
"Office",6,"High School",8,2,38,4446,"no",8,8,2,64
"Software",8,"Bachelor",5,15,46,3202,"no",6,6,8,63
"Office",8,"Master",8,15,64,2341,"no",8,8,2,49
"Hardware",8,"Master",6,8,59,4222,"no",5,5,7,32
"Office",7,"High School",6,21,44,4782,"no",7,7,5,56
"Hardware",8,"Master",7,16,19,3492,"no",7,7,3,22
"Office",7,"High School",10,20,38,2838,"no",7,7,6,91
"Hardware",6,"Bachelor",3,11,37,3426,"no",6,6,9,58
"Hardware",2,"Bachelor",6,18,49,1947,"no",6,6,6,58
"Other",7,"High School",6,15,19,2534,"no",7,7,3,45
"Hardware",8,"High School",6,11,31,3212,"no",8,8,7,23
"Other",3,"High School",6,20,17,2804,"no",6,6,9,35
"Hardware",4,"Bachelor",3,6,44,1837,"no",7,7,10,8
"Office",8,"Bachelor",9,20,49,3582,"no",6,6,10,81
"Other",6,"High School",6,20,33,2207,"no",6,6,6,31
"Office",6,"High School",8,7,41,2899,"no",8,8,3,55
"Other",7,"Master",4,5,38,3349,"no",6,6,5,25
"Hardware",8,"Master",3,12,0,3109,"no",7,7,7,59
"Office",4,"High School",7,9,50,2579,"no",7,7,16,59
"Other",8,"High School",8,12,62,5804,"yes",7,7,6,58
"Other",6,"Bachelor",4,14,70,2388,"no",9,9,2,42
"Hardware",8,"Master",2,14,36,3184,"no",7,7,11,35
"Hardware",7,"Master",5,16,71,3015,"no",8,8,1,17
"Hardware",7,"Bachelor",4,21,33,4076,"no",5,5,6,62
"Hardware",6,"Bachelor",7,1,10,3241,"no",6,6,5,52
"Hardware",6,"Master",6,10,46,2268,"no",7,7,3,55
"Software",7,"Master",6,15,49,5236,"no",6,6,3,30
"Office",7,"High School",8,20,28,2619,"no",7,7,5,67
"Hardware",6,"Master",6,17,59,3003,"no",7,7,6,59
"Other",7,"Master",7,11,39,3309,"no",8,8,3,54
"Hardware",8,"High School",5,17,60,3959,"yes",6,6,7,28
"Hardware",6,"High School",3,13,54,2532,"no",5,5,5,23
"Hardware",7,"High School",6,20,17,3256,"no",6,6,4,51
"Office",8,"Bachelor",8,14,58,4628,"no",6,6,8,70
"Other",6,"Bachelor",5,14,37,4243,"no",7,7,16,64
"Hardware",7,"Bachelor",5,12,37,2582,"no",7,7,7,61
"Hardware",5,"High School",4,12,29,1983,"no",7,6,3,15
"Other",6,"Master",6,7,63,2430,"yes",7,7,5,63
"Hardware",5,"Master",5,13,55,2226,"no",6,6,9,19
"Software",7,"Bachelor",8,13,54,2337,"no",8,8,6,61
"Other",4,"Bachelor",6,13,60,3463,"no",7,7,6,43
"Hardware",8,"Bachelor",5,15,38,4349,"no",9,9,6,73
"Other",6,"High School",5,24,4,2513,"no",8,8,2,50
"Office",7,"High School",9,11,40,5066,"no",8,8,4,94
"Hardware",3,"Bachelor",4,13,38,2063,"no",6,5,3,30
"Office",6,"Bachelor",8,22,35,2466,"no",7,7,7,42
"Office",6,"High School",6,16,43,3690,"no",8,8,8,70
"Other",8,"High School",7,19,42,2945,"no",7,7,5,31
"Office",7,"Master",8,24,80,2577,"no",7,7,5,47
"Other",6,"Bachelor",9,16,39,2447,"no",8,8,9,54
"Hardware",6,"Bachelor",4,16,34,3957,"yes",8,8,1,65
"Hardware",7,"High School",3,18,52,4477,"no",5,5,3,44
"Other",7,"Bachelor",6,12,34,2742,"no",7,7,0,48
"Office",7,"High School",8,16,58,3317,"no",7,7,6,52
"Hardware",8,"High School",4,13,28,5288,"yes",8,8,3,31
"Office",7,"Bachelor",7,18,54,2834,"no",8,8,0,53
"Office",5,"High School",6,16,22,2259,"no",7,7,7,56
"Other",4,"Bachelor",8,16,27,2397,"no",8,8,7,43
"Hardware",6,"High School",6,16,61,2210,"yes",7,7,5,21
"Other",6,"High School",4,19,46,2339,"no",6,6,8,32
"Office",5,"Bachelor",10,10,36,1885,"no",7,7,5,36
"Other",8,"Bachelor",7,10,52,3934,"no",8,8,4,45
"Office",6,"High School",7,24,42,2226,"no",8,8,1,41
"Office",8,"Bachelor",8,16,72,2400,"no",7,7,7,57
"Hardware",4,"Master",6,13,56,2221,"no",5,5,3,56
"Office",7,"Master",7,23,37,5570,"yes",6,6,15,83
"Hardware",5,"High School",5,18,43,3358,"no",8,8,9,43
"Office",7,"High School",8,15,67,4524,"no",9,9,5,54
"Other",6,"High School",8,16,77,3684,"no",7,7,7,58
"Hardware",7,"High School",3,17,61,3205,"no",7,7,7,37
"Office",7,"Bachelor",6,23,62,2615,"no",8,8,10,63
"Office",6,"High School",7,5,47,3369,"no",8,8,7,63
"Office",3,"Bachelor",5,5,49,2191,"yes",8,8,1,16
"Software",7,"Master",8,15,61,2898,"yes",7,7,8,29
"Hardware",6,"Bachelor",5,22,30,2478,"no",8,8,3,49
"Office",7,"High School",8,11,45,5093,"no",5,5,1,75
"Office",7,"Master",7,18,41,1989,"no",7,7,1,47
"Office",7,"Bachelor",8,19,20,4108,"no",6,6,4,62
"Hardware",0,"High School",6,12,63,2637,"no",8,7,3,36
"Hardware",7,"Bachelor",6,17,17,2447,"no",7,8,2,31
"Hardware",8,"High School",6,19,55,3550,"no",7,7,5,61
"Software",7,"Bachelor",7,14,60,3469,"no",9,9,2,37
"Hardware",8,"Bachelor",7,18,31,2718,"no",6,6,3,52
"Office",7,"Bachelor",7,10,39,2951,"no",5,5,7,57
"Software",5,"High School",9,6,42,2303,"no",6,6,7,37
"Hardware",8,"High School",6,5,0,3759,"no",7,7,5,42
"Office",8,"Bachelor",8,20,24,4709,"no",6,6,6,68
"Hardware",3,"Master",4,21,25,2393,"yes",8,9,6,22
"Hardware",7,"PhD",4,9,26,2515,"no",7,7,7,40
"Other",7,"Bachelor",8,25,64,3670,"yes",9,9,1,66
"Office",7,"Bachelor",8,5,72,4307,"no",5,5,3,79
"Office",4,"Bachelor",8,21,35,2268,"no",6,6,1,50
"Hardware",5,"Bachelor",4,12,42,2131,"yes",7,7,2,41
"Hardware",3,"Master",5,19,30,3012,"no",5,5,14,48
"Office",6,"High School",6,5,38,2489,"no",6,6,5,22
"Software",4,"High School",8,13,56,2074,"yes",7,7,9,33
"Office",6,"Bachelor",9,15,24,2859,"no",7,7,7,52
"Hardware",7,"Master",2,13,35,4268,"no",8,8,6,42
"Office",7,"High School",8,11,52,2316,"yes",7,7,2,39
"Office",3,"High School",9,20,55,3055,"no",8,8,10,42
"Office",8,"High School",7,6,32,3262,"no",7,7,10,75
"Hardware",7,"Bachelor",5,9,23,2155,"no",8,8,9,46
"Office",5,"High School",8,21,31,2109,"no",7,7,4,25
"Other",6,"Bachelor",8,19,0,3386,"no",7,7,3,74
"Hardware",3,"High School",7,17,5,2219,"yes",6,6,12,42
"Hardware",3,"Bachelor",4,13,15,2030,"no",7,7,7,65
"Hardware",8,"Bachelor",6,11,27,2523,"no",6,6,9,57
"Software",7,"Bachelor",9,17,33,4257,"no",7,7,1,40
"Other",7,"Master",8,8,31,2768,"no",6,6,4,24
"Other",7,"High School",7,19,55,3223,"yes",8,8,5,36
"Hardware",7,"Bachelor",4,18,46,3154,"no",7,7,3,37
"Office",6,"Bachelor",10,7,54,2355,"no",7,7,8,56
"Office",4,"Bachelor",8,6,41,2074,"no",6,6,5,49
"Hardware",7,"Master",5,11,18,1979,"no",6,6,6,35
"Hardware",6,"Bachelor",4,7,40,2688,"no",8,8,6,28
"Office",6,"Bachelor",6,16,18,2936,"yes",8,8,6,72
"Software",8,"Bachelor",8,14,30,4465,"no",6,6,5,69
"Office",6,"High School",8,17,22,3170,"no",6,6,3,43
"Office",5,"Bachelor",6,14,39,2246,"no",10,11,1,55
"Hardware",6,"Bachelor",4,7,18,3077,"no",7,7,2,34
"Office",6,"Bachelor",8,6,22,2601,"no",5,4,6,65
"Hardware",5,"High School",3,11,71,2466,"no",8,8,10,67
"Software",6,"Bachelor",9,11,0,2629,"no",8,8,8,51
"Software",6,"High School",8,18,27,1951,"no",6,6,2,18
"Office",6,"Master",9,18,16,2976,"no",6,6,4,78
"Other",7,"High School",8,20,35,3845,"no",6,6,4,70
"Other",7,"Bachelor",6,14,13,3308,"no",8,8,6,58
"Office",6,"Bachelor",8,16,21,2322,"yes",6,7,6,46
"Office",5,"Bachelor",8,11,56,2981,"no",8,8,9,88
"Other",9,"Bachelor",3,15,18,6465,"no",5,5,2,31
"Office",0,"Bachelor",9,20,15,2174,"yes",7,7,3,53
"Hardware",7,"High School",4,15,45,2338,"no",8,8,10,21
"Hardware",5,"Bachelor",4,17,39,2520,"no",7,7,5,66
"Office",8,"Bachelor",9,17,25,3688,"no",8,8,3,73
"Hardware",6,"Master",6,16,25,2640,"no",6,6,2,26
"Software",5,"High School",8,8,47,2448,"no",7,7,5,16
"Office",5,"Master",6,13,49,3293,"no",6,6,6,34
"Office",7,"Bachelor",7,13,46,3299,"no",6,6,5,75
"Office",4,"High School",8,18,59,2074,"no",7,7,5,49
"Hardware",8,"Master",8,19,33,5437,"no",6,6,2,74
"Office",6,"Bachelor",8,17,51,2739,"no",8,8,4,40
"Hardware",5,"Bachelor",5,10,66,1900,"yes",7,7,10,43
"Software",7,"Bachelor",9,10,63,3219,"no",7,7,4,57
"Software",7,"Bachelor",6,22,67,3948,"no",6,6,4,47
"Other",6,"Bachelor",7,12,70,2585,"no",6,6,5,59
"Hardware",7,"Bachelor",4,17,59,9011,"no",6,6,5,38
"Office",8,"Bachelor",6,14,45,3167,"yes",7,7,1,46
"Office",6,"High School",6,20,5,2541,"no",7,7,2,28
"Other",7,"Bachelor",7,13,47,6450,"no",8,8,2,62
"Hardware",8,"Bachelor",5,7,33,3779,"no",7,7,10,73
"Software",6,"Bachelor",6,17,49,2529,"yes",7,7,4,17
"Hardware",7,"Master",7,14,48,2549,"yes",8,8,2,24
"Hardware",5,"PhD",7,16,0,1963,"no",6,6,1,34
"Hardware",7,"Master",4,22,25,2785,"no",7,7,5,36
"Office",6,"Bachelor",10,17,77,2690,"yes",6,6,7,78
"Hardware",5,"Bachelor",6,17,69,2389,"no",9,9,9,55
"Office",7,"High School",7,17,84,2728,"yes",6,6,2,17
"Hardware",5,"High School",7,22,24,2309,"no",6,6,5,35
"Office",4,"High School",9,25,65,2506,"no",7,6,4,52
"Software",7,"Master",10,18,3,4086,"yes",7,8,2,51
"Software",7,"Master",6,9,20,3624,"no",7,7,5,12
"Hardware",7,"Master",4,9,79,2964,"no",6,6,3,47
"Office",6,"Bachelor",7,16,51,2402,"no",7,7,10,52
"Other",4,"High School",6,12,20,1871,"no",7,7,3,-2
"Office",7,"High School",6,17,25,2965,"no",8,8,3,52
"Office",3,"Bachelor",8,21,30,2345,"no",6,6,4,59
"Hardware",8,"Bachelor",3,10,33,3385,"no",8,8,5,67
"Hardware",7,"Master",4,12,68,3085,"yes",8,8,10,77
"Office",5,"High School",8,12,47,3869,"yes",7,7,2,66
"Office",7,"Bachelor",9,25,44,2657,"yes",5,5,8,28
"Office",5,"Bachelor",7,7,57,1901,"no",5,5,2,50
"Office",5,"Master",9,23,38,2143,"no",7,7,3,63
"Hardware",5,"Bachelor",8,15,31,2140,"no",7,7,9,66
"Office",5,"Master",6,18,32,2708,"no",6,6,7,46
"Software",6,"High School",10,21,47,1851,"no",7,7,1,8
"Office",4,"Bachelor",8,7,31,2127,"no",8,8,7,61
"Hardware",6,"Bachelor",3,20,72,3159,"yes",7,7,5,47
"Office",6,"Bachelor",8,12,18,3241,"no",8,8,5,67
"Office",7,"High School",6,25,54,2647,"no",8,8,9,53
"Hardware",7,"Bachelor",6,19,38,6085,"no",8,8,6,46
"Office",5,"High School",8,11,25,2779,"no",10,10,5,46
"Software",5,"Bachelor",10,13,34,2649,"yes",6,6,7,44
"Office",5,"Bachelor",8,11,46,2905,"no",7,7,3,70
"Office",4,"High School",7,18,35,2265,"yes",7,7,11,57
"Other",6,"Master",8,22,19,2007,"no",9,9,3,13
"Hardware",5,"High School",7,9,27,2476,"no",6,6,3,34
"Office",6,"Bachelor",10,8,39,2422,"no",8,8,4,63
"Hardware",6,"Bachelor",3,20,11,2111,"yes",7,6,6,15
"Office",5,"High School",6,18,33,3060,"no",7,7,2,21
"Hardware",7,"Bachelor",6,18,43,2842,"no",8,8,2,64
"Hardware",7,"High School",6,15,53,3450,"no",6,6,4,59
"Other",7,"High School",8,14,17,2628,"no",6,6,4,30
"Hardware",4,"High School",5,14,18,2594,"no",6,6,5,5
"Software",5,"Bachelor",7,13,62,2793,"yes",7,7,8,53
"Hardware",7,"Master",4,23,71,3402,"no",8,8,4,33
"Office",4,"Bachelor",9,13,47,3240,"no",7,7,5,60
"Hardware",6,"Master",5,6,68,2780,"no",5,5,9,14
"Office",8,"High School",9,15,44,3535,"no",7,7,10,51
"Hardware",7,"Bachelor",6,12,47,2584,"no",8,8,5,44
"Other",6,"Bachelor",7,8,26,2067,"yes",8,8,2,47
"Office",6,"Bachelor",5,12,69,2633,"no",7,7,1,53
"Hardware",2,"High School",4,14,34,3268,"no",5,5,1,18
"Hardware",4,"High School",6,16,59,2529,"no",8,8,9,26
"Hardware",5,"Bachelor",6,18,15,2259,"no",8,8,6,48
"Hardware",7,"Bachelor",5,17,45,2459,"no",6,6,2,39
"Office",6,"High School",9,11,76,3243,"yes",8,8,5,58
"Office",6,"Bachelor",8,10,24,2636,"no",8,8,1,63
"Office",7,"High School",8,23,45,6039,"no",7,7,7,61
"Hardware",6,"Master",4,6,43,2234,"no",6,6,6,20
"Hardware",6,"High School",3,20,25,2700,"no",6,6,8,46
"Office",5,"High School",6,9,48,2034,"no",8,8,6,49
"Hardware",6,"High School",4,17,25,4137,"no",9,9,14,56
"Hardware",6,"PhD",6,19,48,2964,"yes",6,6,2,20
"Hardware",7,"High School",6,25,26,2518,"yes",6,6,5,48
"Office",6,"High School",8,10,45,2413,"no",8,8,1,69
"Hardware",3,"Master",5,12,30,2195,"yes",8,8,3,31
"Office",6,"Bachelor",10,12,34,2920,"yes",7,7,1,73
"Office",3,"Bachelor",6,5,21,2785,"yes",8,8,5,67
"Other",6,"High School",9,13,46,2771,"no",7,7,6,35
"Office",6,"High School",9,9,21,2658,"no",9,9,5,40
"Hardware",6,"Bachelor",3,16,80,3279,"no",8,8,4,51
"Office",6,"Master",10,12,47,3208,"no",10,10,3,68
"Other",4,"Bachelor",9,15,2,2146,"no",7,7,7,49
"Office",5,"Bachelor",4,11,20,2396,"no",9,9,3,39
"Other",7,"Bachelor",6,12,35,3377,"no",7,7,10,68
"Hardware",4,"Bachelor",6,13,31,2163,"no",7,7,3,37
"Other",7,"High School",8,12,47,3217,"no",8,8,6,65
"Hardware",7,"Master",3,17,88,3565,"no",6,6,3,33
"Hardware",8,"High School",5,12,16,2570,"no",7,8,6,34
"Hardware",7,"High School",2,20,27,3152,"no",7,7,2,27
"Hardware",6,"High School",3,14,24,2591,"no",8,9,1,42
"Other",7,"PhD",9,9,45,2416,"no",9,9,1,36
"Hardware",8,"High School",5,17,60,5790,"no",7,7,12,54
"Office",4,"Bachelor",8,12,79,2185,"yes",8,8,3,55
"Other",6,"High School",7,21,6,2799,"no",7,7,6,25
"Software",6,"High School",7,14,24,2284,"no",7,7,3,37
"Office",6,"Bachelor",7,18,21,2419,"no",7,7,7,64
"Hardware",4,"High School",6,11,44,2236,"no",8,8,4,45
"Office",6,"Bachelor",7,16,28,2070,"no",7,7,10,57
"Office",8,"Bachelor",8,9,48,2645,"no",8,8,6,83
"Office",5,"High School",6,17,46,2203,"no",7,7,2,64
"Other",5,"Bachelor",4,17,38,2691,"no",7,7,2,43
"Other",6,"High School",7,12,6,2150,"no",8,8,11,32
"Hardware",6,"High School",6,15,88,2037,"yes",7,7,6,46
"Hardware",6,"Bachelor",7,12,60,2346,"no",5,5,1,76
"Other",7,"Bachelor",6,18,0,2641,"no",7,7,6,52
"Hardware",6,"Master",5,9,71,2311,"no",7,7,13,50
"Office",7,"Bachelor",8,6,38,3207,"no",7,7,2,84
"Office",9,"Master",5,7,33,3843,"yes",7,7,2,68
"Other",8,"Master",7,9,24,3438,"no",7,7,4,15
"Hardware",6,"Bachelor",8,17,43,3003,"no",7,7,3,35
"Other",7,"Bachelor",4,19,41,4413,"yes",6,6,11,61
"Hardware",9,"High School",7,19,69,3201,"no",5,5,10,66
"Other",5,"Bachelor",9,11,50,1990,"no",6,6,7,32
"Office",7,"Bachelor",6,16,68,2963,"yes",7,7,2,45
"Office",6,"Bachelor",8,16,53,1965,"no",8,8,5,33
"Office",8,"High School",8,16,65,4764,"no",7,7,4,44
"Office",5,"Bachelor",5,12,56,2133,"no",7,7,2,59
"Software",5,"High School",6,19,37,3217,"no",9,9,7,31
"Office",4,"Master",9,13,63,2743,"no",9,9,1,56
"Office",8,"High School",6,14,41,6414,"no",7,7,1,69
"Hardware",8,"Master",5,9,60,6062,"yes",6,6,1,55
"Office",7,"Bachelor",7,6,0,4114,"yes",7,7,9,46
"Hardware",9,"High School",5,10,21,3006,"no",8,8,4,37
"Hardware",6,"Bachelor",9,11,53,3209,"no",5,5,8,62
"Hardware",6,"PhD",8,10,45,2435,"no",8,8,5,23
"Hardware",7,"Master",2,21,16,3327,"no",8,8,8,49
"Office",5,"Bachelor",9,14,56,2931,"yes",6,6,2,58
"Office",5,"Bachelor",7,17,46,3522,"yes",8,8,5,51
"Software",6,"Bachelor",7,19,35,2672,"no",7,7,9,63
"Hardware",5,"High School",3,7,39,2065,"no",7,7,2,22
"Office",7,"High School",6,19,30,2856,"no",9,9,8,43
"Other",4,"Bachelor",8,13,60,3635,"no",7,7,3,31
"Hardware",8,"Master",5,14,44,3476,"no",8,8,1,42
"Office",6,"Bachelor",7,19,22,2822,"no",7,7,7,83
"Office",7,"Bachelor",9,17,19,4334,"no",6,6,10,58
"Office",4,"Bachelor",8,11,26,2591,"yes",7,7,1,51
"Office",4,"Bachelor",7,22,48,2649,"no",7,7,2,71
"Hardware",5,"PhD",4,14,8,2569,"no",8,8,1,31
"Other",7,"Bachelor",7,21,46,2468,"no",7,7,2,37
"Hardware",6,"Master",4,13,43,2094,"no",6,6,8,34
"Software",8,"High School",7,15,58,3375,"no",6,6,8,32
"Other",8,"Master",6,16,39,2763,"no",8,8,2,32
"Hardware",9,"Bachelor",5,9,55,4387,"no",8,8,8,75
"Hardware",8,"Master",7,18,34,3147,"no",8,8,7,77
"Hardware",5,"High School",3,19,57,2071,"no",6,6,10,36
"Office",7,"High School",7,17,62,4058,"no",8,8,2,46
"Office",6,"Bachelor",9,18,71,2771,"no",7,7,3,40
"Office",6,"Bachelor",6,8,57,2543,"yes",7,7,3,70
"Office",5,"Bachelor",7,20,62,2262,"no",6,6,3,35
"Hardware",7,"PhD",4,12,69,2436,"yes",8,8,0,30
"Hardware",6,"High School",5,19,60,2919,"no",8,8,3,17
"Hardware",7,"Master",5,12,10,3898,"no",8,8,5,71
"Software",7,"High School",9,24,34,2863,"no",6,6,5,27
"Other",7,"High School",8,21,26,2768,"no",8,8,1,50
"Other",8,"Bachelor",9,13,79,4551,"no",6,6,3,64
"Other",5,"Bachelor",8,22,77,2879,"no",8,8,1,61
"Hardware",6,"High School",6,23,44,3020,"no",6,6,4,19
"Hardware",8,"High School",5,17,70,4108,"no",8,8,7,42
"Office",3,"High School",9,15,36,2478,"no",8,8,2,64
"Hardware",7,"Bachelor",5,11,36,3628,"no",6,6,7,45
"Other",7,"Bachelor",9,16,38,3538,"no",8,8,12,86
"Office",6,"Master",8,11,36,2129,"no",8,8,14,31
"Hardware",7,"High School",8,12,11,4010,"no",6,6,2,46
"Other",5,"High School",6,15,53,2674,"no",8,8,12,42
"Software",7,"High School",6,13,35,2363,"yes",7,7,3,44
"Office",8,"Bachelor",9,23,42,3840,"no",7,7,7,93
"Hardware",7,"Bachelor",6,20,20,3664,"no",7,6,2,59
"Office",8,"Bachelor",9,25,49,4197,"no",6,6,5,53
"Office",7,"High School",8,15,40,3194,"no",8,8,2,60
"Software",8,"Bachelor",10,11,39,4824,"no",6,6,5,63
"Office",7,"Bachelor",9,16,35,2746,"no",6,6,3,48
"Other",5,"Bachelor",8,16,51,2543,"no",8,8,2,43
"Office",6,"Bachelor",6,17,37,3150,"no",7,7,1,37
"Hardware",7,"High School",10,24,67,4820,"no",7,7,2,65
"Hardware",8,"High School",8,19,11,2584,"yes",7,7,1,14
"Hardware",8,"Bachelor",4,14,40,4562,"no",5,5,7,69
"Software",7,"Bachelor",8,11,62,2541,"yes",7,7,3,44
"Hardware",8,"Bachelor",6,21,45,3487,"yes",5,5,3,44
"Other",4,"High School",6,11,21,2281,"yes",7,7,3,48
"Hardware",8,"High School",4,23,65,3012,"no",8,8,0,36
"Hardware",5,"Bachelor",4,18,60,1988,"no",6,6,2,54
"Other",7,"High School",8,24,41,3452,"no",7,7,3,65
"Software",6,"High School",8,9,25,2875,"no",7,7,4,35
"Office",4,"Master",7,16,21,3213,"yes",7,7,8,73
"Office",5,"Master",8,27,78,2262,"no",4,4,2,55
"Hardware",7,"Master",4,13,30,3008,"no",8,8,4,13
"Hardware",5,"High School",6,10,32,3689,"no",7,7,2,43
"Other",7,"High School",3,11,35,3447,"no",7,7,1,25
"Office",7,"Bachelor",8,17,60,4041,"no",6,6,4,62
"Office",7,"High School",8,12,21,2255,"no",7,7,8,41
"Hardware",7,"Bachelor",4,11,33,3223,"no",7,7,1,39
"Hardware",3,"Master",8,17,58,1985,"yes",8,8,3,33
"Office",4,"Bachelor",8,16,16,2595,"yes",6,6,5,64
"Office",6,"PhD",6,2,37,2150,"no",7,7,1,35
"Hardware",7,"High School",4,19,73,2464,"no",5,5,9,43
"Hardware",6,"High School",4,14,43,2916,"no",7,7,7,38
"Hardware",7,"Bachelor",2,13,65,3755,"no",6,6,4,52
"Software",6,"Bachelor",8,23,49,3792,"no",5,5,1,37
"Office",7,"High School",10,6,17,3521,"no",7,7,5,41
"Office",6,"High School",6,21,30,4160,"no",6,6,4,32
"Software",4,"Bachelor",8,13,47,1855,"yes",6,6,2,13
"Hardware",7,"Bachelor",4,19,74,3081,"no",7,7,2,56
"Office",5,"High School",5,17,25,2546,"no",6,6,4,41
"Office",6,"Bachelor",5,15,78,2339,"no",7,7,1,60
"Other",7,"Bachelor",8,13,17,2921,"no",6,6,2,44
"Office",7,"Bachelor",10,14,40,2688,"no",8,8,13,75
"Office",4,"Bachelor",8,18,9,2833,"yes",9,10,5,63
"Office",6,"Bachelor",10,22,26,1819,"no",7,7,10,31
"Office",7,"Bachelor",8,27,52,4626,"no",6,6,4,79
"Office",6,"High School",6,10,69,1908,"no",6,6,12,37
"Hardware",7,"Master",6,16,39,3637,"no",6,6,3,64
"Hardware",6,"Bachelor",6,11,52,3596,"no",6,6,5,67
"Office",4,"Master",9,14,52,2896,"no",8,8,3,58
"Office",6,"Bachelor",9,21,27,2983,"no",8,9,2,51
"Office",5,"Master",6,16,23,2063,"no",7,7,6,20
"Office",7,"Bachelor",8,16,44,3928,"no",8,8,3,79
"Office",6,"Master",4,9,81,2421,"no",7,7,4,50
"Office",6,"Bachelor",8,16,42,2188,"yes",6,6,4,63
"Office",6,"High School",10,15,33,2060,"no",10,10,1,26
"Office",7,"Bachelor",6,9,33,3123,"no",8,9,4,60
"Hardware",6,"Bachelor",5,19,43,3416,"yes",8,8,8,56
"Other",7,"Bachelor",9,16,0,3301,"no",7,7,6,65
"Software",6,"Bachelor",8,17,78,3945,"no",8,8,3,58
"Hardware",7,"High School",2,1,41,4356,"yes",8,8,1,47
"Hardware",8,"High School",6,8,0,4504,"no",8,8,6,53
"Software",5,"Master",6,18,23,2758,"no",6,6,7,32
"Office",7,"Bachelor",6,10,32,5306,"yes",8,8,6,77
"Office",6,"Master",8,17,50,4963,"yes",7,7,12,79
"Hardware",6,"Bachelor",4,12,18,2526,"no",6,6,4,16
"Hardware",7,"Master",4,16,15,2168,"no",6,6,2,9
"Other",7,"Bachelor",8,25,36,3819,"no",7,7,1,63
"Office",4,"Bachelor",8,21,27,2029,"no",10,10,3,30
"Office",4,"High School",6,19,68,2825,"no",8,8,5,66
"Software",7,"Bachelor",8,19,83,4512,"no",7,7,2,60
"Hardware",8,"Bachelor",5,16,21,3861,"no",6,6,5,58
"Hardware",6,"High School",3,13,52,2230,"no",8,8,9,14
"Office",5,"High School",7,14,21,2167,"no",8,8,0,21
"Office",5,"Bachelor",7,12,20,2793,"yes",6,7,5,34
"Office",6,"Bachelor",8,10,23,3125,"no",7,7,6,42
"Hardware",7,"Bachelor",4,12,55,3241,"yes",5,5,5,62
"Office",6,"Master",9,14,82,3024,"no",5,5,10,80
"Hardware",4,"High School",7,3,36,2767,"no",8,8,7,53
"Software",7,"Bachelor",8,14,43,2948,"yes",7,7,4,55
"Hardware",7,"Bachelor",6,10,33,2130,"no",6,6,2,32
"Office",5,"Bachelor",5,11,60,2192,"no",9,9,6,37
"Software",8,"Bachelor",6,13,86,2579,"no",8,8,2,13
"Hardware",4,"Master",4,7,62,1901,"no",8,8,2,24
"Other",3,"High School",8,7,21,1959,"no",6,6,4,16
"Office",3,"Bachelor",8,12,21,2139,"yes",7,7,4,42
"Software",8,"High School",8,18,60,3425,"yes",8,8,4,41
"Office",6,"Bachelor",8,28,55,2568,"no",8,8,9,67
"Office",7,"Bachelor",10,10,47,2373,"no",7,7,1,32
"Hardware",0,"High School",5,15,39,1871,"no",8,8,9,28
"Software",7,"High School",6,23,59,4154,"no",7,7,3,36
"Office",6,"Bachelor",5,21,72,2558,"no",7,7,4,62
"Hardware",6,"High School",4,12,58,1926,"yes",7,7,1,5
"Hardware",7,"High School",7,12,49,2587,"no",5,5,5,55
"Software",7,"Master",8,25,16,2772,"no",6,7,3,27
"Office",8,"High School",8,11,29,2730,"no",8,9,2,71
"Other",6,"Bachelor",8,17,23,2613,"no",8,8,6,45
"Office",7,"Bachelor",9,9,38,3532,"no",6,6,8,72
"Other",7,"Master",5,11,10,2536,"no",5,5,6,42
"Office",8,"Master",6,15,40,2513,"no",6,6,3,33
"Other",7,"Bachelor",7,5,45,2905,"no",8,8,2,42
"Office",6,"Bachelor",8,11,69,2709,"no",7,7,4,87
"Office",7,"High School",8,15,41,3253,"yes",8,8,6,62
"Software",5,"Bachelor",6,13,25,1886,"no",8,8,3,18
"Hardware",3,"Master",4,12,72,2995,"no",6,6,1,39
"Office",4,"Bachelor",6,19,5,2055,"no",5,5,5,48
"Other",4,"Bachelor",8,11,22,1995,"yes",8,8,4,25
"Office",2,"High School",9,10,48,2140,"no",9,9,6,41
"Hardware",7,"Bachelor",4,16,7,2380,"no",5,5,0,40
"Office",4,"High School",9,18,43,2266,"no",7,7,4,52
"Office",6,"Bachelor",8,7,46,2466,"no",9,9,10,59
"Other",6,"PhD",8,14,39,4248,"yes",7,7,2,32
"Hardware",6,"High School",4,13,48,3635,"no",6,6,3,76
"Other",5,"High School",7,9,44,2317,"no",8,8,1,14
"Office",9,"Bachelor",8,29,55,4411,"no",7,7,6,80
"Office",6,"Master",4,21,29,2356,"no",6,6,7,28
"Office",8,"Bachelor",9,15,73,3702,"no",7,7,6,75
"Hardware",5,"Master",4,19,52,2441,"no",7,7,8,37
"Hardware",7,"Bachelor",6,13,43,2091,"no",7,7,1,22
"Office",6,"PhD",9,16,38,2875,"no",9,9,3,41
"Office",3,"Master",6,22,44,2241,"no",6,6,2,34
"Hardware",5,"Bachelor",6,5,39,2506,"yes",8,8,2,52
"Hardware",6,"Master",8,21,45,2186,"no",7,7,13,62
"Software",7,"Master",4,18,32,3884,"yes",8,8,11,21
"Other",7,"Bachelor",8,24,68,2617,"no",6,6,5,40
"Hardware",7,"Bachelor",2,13,35,2985,"no",7,7,4,32
"Office",7,"Bachelor",8,23,59,2744,"no",7,7,9,83
"Office",6,"Master",6,11,27,2668,"no",7,7,10,60
"Office",5,"Bachelor",5,11,72,1952,"no",7,7,3,43
"Other",5,"High School",8,9,52,2871,"no",8,8,7,56
"Office",8,"High School",8,4,0,5075,"no",7,7,2,64
"Hardware",5,"High School",4,14,28,3895,"yes",5,5,2,61
"Office",8,"Bachelor",8,14,39,6799,"yes",7,7,8,79
"Office",6,"Bachelor",10,11,26,2850,"no",6,5,10,53
"Other",4,"Bachelor",7,12,40,2210,"yes",6,6,5,19
"Other",7,"High School",5,17,17,2349,"no",7,7,2,34
"Software",3,"Master",6,19,0,1865,"yes",5,5,2,35
"Hardware",8,"High School",4,22,6,4431,"no",6,5,2,43
"Other",8,"Master",7,17,31,3710,"no",5,5,3,61
"Office",7,"Master",10,6,81,3294,"no",6,6,6,30
"Other",3,"Bachelor",6,15,28,2143,"no",7,7,6,20
"Office",7,"High School",10,25,20,4463,"yes",7,7,1,54
"Office",5,"Bachelor",9,16,98,1990,"no",7,7,4,51
"Hardware",7,"Master",6,12,41,3315,"no",7,7,5,57
"Hardware",7,"High School",6,15,30,2624,"no",6,6,6,26
"Other",7,"Master",7,11,56,2529,"no",9,9,0,21
"Hardware",7,"Bachelor",6,24,58,2539,"no",8,8,3,53
"Hardware",3,"Master",7,22,37,1977,"no",9,9,6,40
"Office",8,"Bachelor",6,18,30,5171,"no",6,6,6,79
"Hardware",4,"Bachelor",3,14,12,2178,"no",9,9,5,52
"Office",7,"Master",8,12,21,3957,"no",9,9,6,72
"Software",6,"High School",10,15,24,2757,"no",6,6,2,35
"Hardware",6,"High School",8,15,57,2484,"no",5,5,3,41
"Hardware",2,"Master",5,15,18,2017,"no",9,8,3,50
"Office",6,"Bachelor",10,9,53,2478,"yes",7,7,6,50
"Office",5,"Bachelor",6,11,43,1931,"yes",8,8,5,53
"Hardware",8,"Bachelor",5,11,0,3626,"no",9,9,0,50
"Office",7,"Master",7,17,31,2661,"no",6,6,11,76
"Hardware",6,"Master",5,19,0,2001,"no",6,6,6,28
"Other",7,"Bachelor",6,23,43,2899,"no",7,8,2,60
"Software",3,"High School",10,23,33,1977,"no",8,8,7,7
"Office",6,"Master",8,15,33,2293,"no",8,8,11,68
"Other",7,"Bachelor",9,24,47,3861,"no",5,5,3,49
"Software",5,"Bachelor",7,13,29,1992,"no",8,8,3,33
"Office",4,"High School",8,13,41,2676,"no",8,8,2,39
"Hardware",7,"Master",6,12,37,2764,"no",7,7,14,47
"Hardware",7,"Master",5,10,59,3520,"no",9,9,5,52
"Software",4,"Master",7,15,29,2062,"no",5,5,1,12
"Office",4,"Master",5,16,64,1863,"no",7,7,3,27
"Office",6,"Master",8,17,0,4857,"no",7,7,11,74
"Office",7,"Bachelor",10,21,58,4451,"yes",4,4,3,65
"Hardware",7,"Master",5,15,6,3570,"no",8,8,4,52
"Hardware",6,"Bachelor",4,27,42,3828,"no",6,5,3,58
"Office",6,"High School",8,12,32,3041,"no",7,7,5,35
"Hardware",6,"Bachelor",3,15,37,2539,"no",9,9,2,44
"Software",4,"Bachelor",6,12,39,2600,"no",9,9,4,44
"Hardware",7,"Bachelor",4,16,1,4096,"no",9,9,3,72
"Hardware",7,"High School",1,15,11,2213,"yes",7,8,10,27
"Hardware",7,"Bachelor",7,22,98,3241,"yes",6,6,2,49
"Other",6,"High School",6,8,62,3154,"no",9,9,3,3
"Office",6,"High School",7,14,43,3601,"no",7,8,7,32
"Other",8,"Bachelor",9,15,57,3609,"yes",7,7,5,64
"Office",8,"Bachelor",6,11,27,3899,"no",7,7,4,82
"Hardware",6,"Master",6,17,29,2419,"no",9,9,4,22
"Hardware",0,"High School",8,7,26,2081,"no",9,9,5,46
"Hardware",7,"Bachelor",7,15,8,3397,"no",6,6,9,56
"Office",7,"High School",8,10,34,2426,"no",7,7,4,45
"Other",6,"Master",6,13,56,2730,"no",6,6,5,41
"Software",7,"Bachelor",8,11,48,3204,"no",9,9,7,66
"Office",7,"PhD",6,18,30,3924,"yes",6,6,4,50
"Other",7,"High School",9,20,31,3134,"no",7,7,1,74
"Office",7,"High School",10,11,48,2694,"no",8,8,4,52
"Office",7,"Bachelor",9,26,47,3275,"no",7,7,8,65
"Office",6,"Master",8,9,57,2358,"no",7,7,4,73
"Software",7,"High School",7,14,31,3234,"no",6,7,4,59
"Office",8,"Bachelor",9,17,34,4009,"no",5,5,9,93
"Hardware",7,"Master",6,9,35,2201,"no",8,8,8,78
"Office",6,"Master",8,13,52,2416,"no",6,6,6,61
"Hardware",4,"Bachelor",7,23,36,2247,"no",6,6,3,27
"Hardware",6,"Bachelor",6,23,50,4014,"yes",8,8,1,54
"Hardware",4,"Bachelor",5,10,63,4477,"no",8,8,1,53
"Office",5,"High School",6,20,10,2117,"no",7,7,1,23
"Software",7,"Master",8,15,34,3424,"no",7,8,2,23
"Hardware",6,"Master",5,4,64,2611,"no",6,6,3,51
"Other",6,"Master",8,20,69,3406,"no",8,8,6,55
"Other",7,"High School",4,15,51,4937,"no",6,6,4,46
"Software",5,"Bachelor",9,7,49,2071,"no",7,7,4,22
"Hardware",7,"Bachelor",4,13,38,3081,"yes",7,7,8,71
"Hardware",7,"Bachelor",3,18,52,4779,"yes",8,8,4,53
"Hardware",7,"Bachelor",6,18,25,3444,"no",6,6,10,85
"Other",7,"High School",6,13,67,4310,"no",7,7,11,44
"Hardware",7,"Bachelor",4,5,65,3014,"no",8,8,3,58
"Office",6,"High School",8,19,40,2458,"no",8,8,2,23
"Software",7,"High School",7,12,40,3147,"yes",7,7,8,43
"Hardware",7,"Master",5,14,16,3469,"no",6,6,7,57
"Hardware",7,"Bachelor",6,19,56,3762,"yes",8,8,7,60
"Office",8,"High School",6,8,35,4988,"yes",6,6,6,74
"Office",5,"Bachelor",6,11,36,3911,"no",6,6,3,66
"Hardware",6,"Master",4,19,65,4734,"no",6,6,6,40
"Hardware",4,"Bachelor",5,15,42,2673,"no",6,6,11,36
"Other",8,"High School",6,17,63,3279,"no",4,4,1,40
"Hardware",6,"Master",6,24,35,2790,"yes",8,8,6,48
"Office",7,"High School",9,16,28,2876,"no",8,8,5,51
"Other",4,"Master",8,25,38,2724,"no",6,6,5,47
"Office",6,"PhD",8,10,28,2772,"no",8,8,5,38
"Hardware",5,"High School",4,16,41,2300,"no",8,8,7,38
"Other",6,"Master",5,14,30,2908,"no",6,6,7,48
"Other",6,"High School",10,17,60,3384,"no",7,7,3,69
"Hardware",7,"High School",6,11,35,2337,"no",7,7,5,47
"Hardware",7,"Bachelor",6,18,33,3769,"no",7,7,11,69
"Office",4,"High School",9,16,32,2162,"no",7,7,3,42
"Office",6,"High School",9,16,41,2365,"no",7,7,8,35
"Other",7,"High School",6,27,67,2471,"no",8,8,10,28
"Software",5,"Master",6,11,30,2519,"no",7,7,3,27
"Hardware",6,"High School",6,4,34,2423,"no",8,8,3,28
"Hardware",6,"High School",7,9,37,2537,"yes",7,7,4,45
"Office",6,"Bachelor",10,15,63,2630,"yes",4,4,7,47
"Office",6,"Bachelor",9,18,3,2256,"no",7,7,7,66
"Office",7,"High School",6,10,41,3104,"no",6,5,4,52
"Office",7,"High School",9,18,26,4991,"no",8,8,3,51
"Office",5,"Master",6,11,35,3036,"no",7,7,2,39
"Office",8,"Master",9,3,14,3985,"yes",8,8,2,63
"Office",7,"Bachelor",7,20,8,4650,"no",6,6,14,70
"Office",6,"High School",8,14,62,2140,"no",5,5,6,25
"Office",5,"Bachelor",8,15,61,2856,"no",7,7,1,58
"Office",4,"High School",7,17,52,2027,"no",7,7,7,45
"Office",5,"High School",8,17,37,2584,"yes",9,8,6,37
"Office",6,"Bachelor",9,13,42,2567,"no",6,6,9,50
"Hardware",5,"Bachelor",5,24,20,2047,"no",7,7,9,57
"Hardware",7,"High School",8,18,29,3455,"no",6,6,3,20
"Hardware",3,"Bachelor",5,11,46,2021,"no",7,7,5,46
"Office",7,"High School",7,22,13,3151,"yes",8,8,3,22
"Hardware",6,"Bachelor",3,15,14,2380,"no",7,7,1,30
"Other",4,"Bachelor",6,12,73,2315,"no",8,8,10,60
"Other",6,"Bachelor",6,1,47,2045,"no",6,6,4,39
"Office",7,"Bachelor",8,10,27,2746,"no",7,7,3,57
"Hardware",5,"Bachelor",4,11,81,2426,"no",7,7,0,44
"Hardware",8,"Master",6,14,28,7051,"no",7,7,3,60
"Hardware",3,"Bachelor",4,18,47,1977,"no",7,6,1,24
"Hardware",5,"Bachelor",5,9,64,3511,"no",6,6,4,41
"Software",5,"High School",8,19,47,2132,"no",7,7,3,34
"Hardware",7,"Bachelor",6,12,9,2639,"yes",9,9,8,42
"Software",7,"Bachelor",8,18,84,2838,"no",8,8,0,42
"Hardware",9,"High School",1,12,49,7619,"yes",7,7,3,37
"Hardware",8,"High School",6,12,64,3400,"no",6,6,7,26
"Hardware",5,"High School",2,19,35,3180,"no",7,7,6,33
"Office",8,"High School",8,7,5,4562,"no",7,8,8,76
"Office",8,"PhD",7,10,0,5740,"no",9,9,3,60
"Hardware",7,"Bachelor",4,15,46,3172,"no",5,5,2,52
"Hardware",4,"High School",6,19,76,2901,"yes",5,5,2,18
"Hardware",6,"Master",5,7,33,2235,"no",8,8,6,43
"Hardware",6,"Bachelor",4,16,62,5007,"no",9,9,3,95
"Office",6,"High School",6,5,27,2218,"no",7,7,0,36
"Other",6,"Master",9,12,21,4028,"no",6,6,5,61
"Hardware",4,"Bachelor",8,23,70,2215,"no",7,7,6,75
"Hardware",6,"Master",6,7,36,4318,"no",6,6,9,68
"Other",5,"High School",10,11,76,2870,"no",8,8,8,57
"Other",9,"PhD",6,19,30,5727,"no",7,7,10,50
"Office",3,"High School",7,19,20,2091,"no",6,6,7,21
"Office",4,"Bachelor",8,6,16,2278,"no",6,6,3,39
"Office",7,"High School",8,12,48,2937,"no",8,8,8,57
"Hardware",7,"Master",7,14,3,2863,"no",6,6,4,42
"Software",6,"Bachelor",8,18,22,2398,"no",6,6,4,29
"Other",8,"High School",8,18,55,3542,"no",8,8,14,58
"Office",6,"Bachelor",7,8,44,3246,"no",6,6,3,53
"Other",6,"High School",5,19,59,4974,"no",5,5,11,54
"Software",7,"High School",8,18,62,3383,"no",8,8,12,81
"Office",7,"High School",9,16,46,2903,"no",7,7,1,57
"Software",6,"High School",7,28,18,2162,"no",8,8,8,30
"Office",7,"Bachelor",10,24,32,3076,"yes",8,8,6,79
"Hardware",4,"Bachelor",7,9,41,2070,"no",5,5,5,49
"Office",6,"Bachelor",6,8,17,2200,"yes",7,7,5,57
"Office",6,"Master",10,11,82,3523,"no",10,10,3,80
"Hardware",7,"PhD",4,22,37,4436,"no",8,8,4,40
"Office",7,"High School",8,16,41,3420,"no",6,6,5,18
"Software",5,"High School",6,20,34,2415,"no",6,6,1,45
"Office",5,"Bachelor",9,16,27,2543,"yes",7,7,11,53
"Office",6,"High School",8,12,70,2108,"no",8,8,4,15
"Other",6,"Bachelor",7,23,46,2069,"no",8,8,1,40
"Software",5,"Bachelor",6,15,33,3296,"no",5,5,2,8
"Hardware",6,"High School",6,12,8,2333,"no",6,6,6,27
"Hardware",7,"Master",4,13,59,3240,"no",8,8,5,29
"Other",6,"Master",7,10,3,3810,"no",7,7,9,54
"Office",8,"High School",8,11,58,4643,"yes",7,7,5,44
"Hardware",4,"Bachelor",2,17,16,1977,"no",7,7,4,45
"Hardware",5,"Bachelor",2,13,39,2456,"no",7,7,2,40
"Hardware",8,"Bachelor",2,18,0,3503,"no",6,6,5,64
"Hardware",8,"High School",4,17,40,5228,"no",8,8,1,27
"Other",5,"High School",10,20,0,1999,"no",8,8,4,16
"Hardware",8,"Bachelor",4,17,79,4070,"no",6,6,3,30
"Office",5,"Bachelor",8,15,33,2205,"no",7,7,2,55
"Office",9,"High School",7,13,47,4265,"no",7,7,5,29
"Hardware",4,"Master",4,9,35,2060,"no",7,7,15,73
"Other",6,"Bachelor",6,23,4,3179,"no",8,8,3,50
"Office",6,"Bachelor",8,17,52,2721,"no",7,7,3,63
"Other",10,"Master",7,24,43,6023,"no",8,8,6,84
"Hardware",5,"High School",8,6,19,3110,"no",6,6,5,76
"Office",7,"Bachelor",10,12,35,3254,"no",5,5,15,79
"Hardware",7,"High School",8,7,35,3828,"no",7,7,4,43
"Other",8,"Bachelor",5,12,36,3879,"no",5,5,4,40
"Software",6,"Bachelor",6,28,31,2807,"no",7,7,1,28
"Hardware",6,"Master",4,1,27,3543,"no",8,8,7,77
"Office",7,"Bachelor",9,15,41,2445,"yes",9,9,5,57
"Office",3,"Bachelor",8,15,69,2214,"no",7,7,5,35
"Office",7,"High School",9,14,0,4558,"yes",6,6,1,62
"Other",7,"High School",5,12,36,2331,"no",9,9,6,29
"Software",7,"High School",5,19,91,2936,"no",6,6,9,21
"Hardware",7,"Master",6,23,58,2869,"no",8,8,3,34
"Hardware",7,"PhD",2,20,0,2121,"no",5,5,2,4
"Other",7,"Master",4,23,29,2454,"no",6,6,2,40
"Software",6,"Bachelor",8,12,61,2769,"yes",7,7,14,36
"Other",8,"Master",7,15,49,3143,"no",8,8,2,45
"Hardware",4,"Master",4,7,21,2766,"yes",7,7,3,11
"Other",5,"Bachelor",8,15,32,1921,"no",6,6,7,35
"Other",7,"High School",5,18,18,4497,"no",8,8,6,46
"Office",6,"High School",8,14,41,2130,"no",8,8,4,32
"Other",7,"Master",6,15,52,4073,"yes",8,8,2,68
"Office",6,"High School",9,13,50,2234,"no",7,7,8,41
"Hardware",8,"High School",4,12,42,3988,"yes",6,6,11,40
"Office",7,"High School",10,16,17,2803,"no",6,6,8,48
"Hardware",6,"High School",3,11,48,4010,"no",7,7,8,48
"Hardware",5,"Bachelor",6,14,52,4193,"no",7,7,9,66
"Hardware",6,"Master",8,25,37,2092,"no",9,9,6,29
"Office",6,"Bachelor",9,16,48,3218,"yes",6,6,3,60
"Office",8,"Bachelor",8,7,97,3352,"no",7,7,1,59
"Office",9,"Bachelor",6,7,19,3523,"no",7,7,3,48
"Hardware",8,"Bachelor",3,20,12,4336,"no",8,8,1,8
"Other",7,"High School",6,15,18,3644,"no",8,8,6,67
"Hardware",7,"Bachelor",3,25,6,4870,"no",6,6,2,62
"Hardware",6,"High School",8,11,63,2101,"no",6,6,2,19
"Office",4,"High School",10,8,26,2229,"no",7,7,6,67
"Software",7,"Bachelor",7,10,11,4185,"no",7,7,5,58
"Office",5,"High School",9,23,28,3506,"no",6,6,8,64
"Software",7,"High School",9,17,54,6645,"no",8,8,2,65
"Software",6,"Master",7,19,43,3595,"yes",6,6,9,26
"Hardware",6,"High School",8,20,10,2591,"no",6,6,6,49
"Software",2,"Bachelor",8,12,53,1958,"no",6,6,3,15
"Hardware",7,"Master",6,12,28,3289,"no",7,7,6,50
"Office",8,"High School",5,18,47,3175,"no",8,9,4,32
"Office",4,"Master",8,15,60,2935,"yes",8,8,4,56
"Hardware",7,"High School",7,15,60,3988,"no",6,6,1,52
"Office",6,"High School",9,12,49,2435,"yes",4,4,6,52
"Hardware",8,"Master",6,12,69,6176,"yes",6,6,6,71
"Hardware",8,"Bachelor",3,13,0,3107,"no",8,8,2,63
"Hardware",6,"Master",5,14,24,3382,"no",8,8,3,38
"Office",7,"Bachelor",8,14,27,3690,"no",7,7,14,82
"Software",7,"Bachelor",7,18,45,3082,"no",5,5,6,44
"Office",7,"Bachelor",6,18,70,4468,"no",6,5,12,86
"Software",7,"Bachelor",7,16,34,3095,"yes",5,5,5,22
"Office",6,"Master",7,10,77,3234,"no",7,7,1,54
"Other",6,"Master",5,6,32,3601,"no",7,7,12,51
"Office",6,"Master",9,11,16,2209,"no",7,7,5,58
"Software",7,"Bachelor",6,18,39,3471,"no",6,6,2,56
"Other",6,"Master",6,2,9,2216,"no",6,6,3,25
"Hardware",6,"Master",6,13,54,3861,"no",7,7,9,59
"Office",7,"Bachelor",7,23,42,2448,"no",7,7,2,41
"Office",4,"High School",8,4,39,2437,"no",6,6,4,58
"Office",6,"Master",8,15,25,2688,"yes",8,8,4,41
"Hardware",8,"High School",6,21,18,5108,"no",7,7,1,62
"Hardware",6,"Bachelor",6,28,90,2719,"no",7,7,4,32
"Office",7,"Bachelor",10,13,58,3056,"no",8,8,2,72
"Office",5,"Bachelor",9,13,39,3185,"no",7,7,2,59
"Hardware",8,"Bachelor",5,9,38,6341,"no",5,5,2,78
"Hardware",7,"Bachelor",5,9,34,2744,"no",7,7,4,52
"Other",4,"High School",9,9,33,2413,"yes",6,6,5,28
"Hardware",7,"High School",3,13,13,3765,"no",7,7,4,48
"Office",7,"High School",5,23,70,3508,"yes",8,8,6,58
"Office",4,"Bachelor",9,13,45,2841,"yes",6,6,4,23
"Hardware",8,"High School",3,18,26,3915,"no",6,6,3,39
"Office",6,"Master",4,18,28,3963,"no",8,8,5,42
"Office",6,"Bachelor",8,22,36,3170,"no",9,9,2,81
"Software",6,"Bachelor",5,13,21,3710,"no",7,7,1,61
"Office",7,"Master",6,14,36,4514,"no",9,9,3,61
"Hardware",6,"High School",2,15,56,4359,"no",8,8,3,46
"Hardware",4,"Master",5,18,23,2154,"no",7,7,4,47
"Hardware",6,"Bachelor",7,16,59,3279,"yes",8,8,4,56
"Office",7,"High School",8,13,59,3723,"no",8,7,10,54
"Hardware",7,"High School",8,17,39,2215,"no",6,6,4,19
"Office",7,"High School",6,22,0,3401,"yes",7,7,5,58
"Software",7,"Bachelor",6,16,53,2746,"no",6,6,4,40
"Hardware",7,"High School",5,7,14,3698,"no",8,8,1,10
"Office",5,"Bachelor",9,15,26,2156,"no",8,8,2,72
"Office",9,"Bachelor",9,11,42,6237,"yes",8,8,2,65
"Hardware",6,"PhD",5,12,38,2260,"no",7,7,1,19
"Office",7,"Bachelor",8,12,36,2585,"yes",7,7,7,39
"Office",7,"Master",10,17,46,2522,"yes",7,7,7,66
"Hardware",6,"Bachelor",5,21,17,2168,"no",4,4,0,37
"Office",3,"High School",9,19,43,2274,"no",6,6,2,37
"Hardware",7,"High School",5,8,59,3566,"no",8,8,1,52
"Hardware",7,"Bachelor",8,10,18,3557,"no",7,7,2,52
"Hardware",6,"High School",8,10,59,3237,"no",8,8,1,38
"Hardware",5,"High School",6,12,37,2174,"no",8,8,1,45
"Other",7,"High School",8,18,51,4249,"no",7,7,2,32
"Office",7,"Master",10,10,27,3014,"no",7,7,6,77
"Other",4,"Bachelor",7,14,55,2531,"no",7,7,8,46
"Software",5,"Bachelor",8,15,23,2057,"no",6,6,2,27
"Hardware",5,"Bachelor",5,12,39,3009,"no",6,6,8,67
"Hardware",9,"High School",3,18,27,7429,"no",7,7,3,72
"Office",3,"High School",8,13,46,1968,"no",8,8,4,30
"Hardware",6,"High School",3,17,29,3507,"no",7,7,4,23
"Hardware",6,"Bachelor",4,9,48,5047,"no",7,7,7,64
"Other",4,"Bachelor",8,6,39,1984,"no",4,4,1,35
"Office",7,"Bachelor",7,18,60,3256,"yes",7,7,18,85
"Other",6,"Bachelor",4,14,23,2267,"no",6,6,1,29
"Office",6,"Bachelor",8,12,54,2607,"no",9,9,2,52
"Office",3,"Bachelor",7,5,30,2607,"no",6,6,2,61
"Hardware",8,"Bachelor",7,17,61,3777,"no",7,7,5,65
"Hardware",7,"High School",4,8,43,3260,"no",7,7,13,70
"Office",7,"High School",9,9,40,2406,"yes",7,7,5,49
"Hardware",7,"Bachelor",4,17,46,2933,"yes",8,8,4,66
"Office",7,"Bachelor",6,15,62,2365,"yes",7,7,3,33
"Office",7,"High School",8,14,62,2612,"no",7,7,0,25
"Office",7,"Bachelor",9,18,44,2500,"no",7,7,4,60
"Other",5,"High School",6,14,49,2099,"no",8,8,3,29
"Software",7,"Bachelor",8,11,58,2804,"no",7,7,1,34
"Software",7,"Master",8,11,26,3449,"no",8,8,5,37
"Hardware",6,"High School",6,20,40,3185,"no",8,8,9,29
"Hardware",6,"High School",5,14,20,2557,"no",8,8,6,21
"Hardware",7,"Master",4,26,22,2609,"no",8,8,8,61
"Software",7,"Bachelor",7,27,40,3608,"no",5,5,7,39
"Office",7,"Master",7,16,0,3165,"no",8,8,10,55
"Hardware",6,"High School",4,20,32,4003,"no",8,8,2,67
"Hardware",7,"High School",3,10,51,3545,"no",9,9,4,49
"Office",8,"High School",8,14,55,4071,"yes",6,6,3,49
"Hardware",4,"Master",5,15,80,2215,"no",6,6,2,16
"Office",7,"Bachelor",9,13,62,2568,"no",6,6,3,58
"Office",6,"High School",6,20,48,2396,"no",7,6,10,37
"Office",7,"High School",4,12,52,1968,"yes",7,7,9,43
"Hardware",5,"High School",4,8,53,2664,"yes",8,8,4,33
"Office",6,"Bachelor",7,8,18,2291,"no",6,6,2,35
"Hardware",7,"PhD",5,8,47,1966,"no",8,8,3,40
"Hardware",4,"Bachelor",5,16,26,2021,"no",5,5,2,38
"Other",7,"Bachelor",5,19,52,3541,"no",7,7,9,66
"Hardware",7,"Bachelor",5,13,47,2337,"no",6,6,2,46
"Office",6,"PhD",7,14,25,2565,"yes",7,7,6,59
"Hardware",6,"Bachelor",8,13,28,2480,"no",5,5,6,39
"Hardware",7,"Master",6,24,54,4369,"no",8,8,3,54
"Office",7,"Bachelor",5,18,34,2975,"no",7,7,7,75
"Other",7,"High School",8,21,38,3605,"no",5,5,10,30
"Hardware",7,"Master",4,12,0,3319,"yes",7,7,3,66
"Other",8,"Bachelor",7,16,44,3982,"no",9,9,2,55
"Hardware",5,"Master",3,1,40,2238,"no",8,8,2,39
"Software",7,"Bachelor",9,11,100,3342,"no",8,8,4,35
"Other",7,"PhD",10,19,45,3728,"no",9,9,2,51
"Office",7,"Master",8,11,35,3147,"no",7,7,7,72
"Software",6,"Bachelor",6,11,68,2300,"no",7,7,6,14
"Office",7,"High School",8,12,19,3855,"no",6,6,6,52
"Hardware",6,"Bachelor",5,8,16,3600,"no",8,8,8,50
"Other",6,"Bachelor",8,13,36,2453,"no",6,6,1,46
"Hardware",3,"Bachelor",6,24,59,2366,"yes",8,8,4,55
"Office",7,"Bachelor",8,13,33,3296,"no",9,9,5,76
"Office",7,"High School",6,6,68,3283,"no",8,9,3,60
"Office",7,"PhD",6,16,22,3359,"yes",6,6,6,55
"Office",5,"High School",6,14,30,2394,"yes",7,7,1,45
"Office",6,"High School",9,17,71,2229,"no",8,8,10,50
"Office",7,"High School",6,12,36,5389,"no",8,8,7,74
"Software",5,"High School",7,13,27,2776,"no",7,7,3,15
"Hardware",7,"Bachelor",7,22,42,3723,"yes",7,7,4,51
"Office",7,"High School",9,17,50,2754,"no",6,6,14,82
"Office",6,"High School",10,21,28,3541,"no",7,7,4,47
"Other",8,"High School",6,22,39,3983,"no",6,6,7,35
"Software",5,"High School",5,20,15,3831,"no",8,8,2,13
"Hardware",6,"High School",6,9,62,2835,"no",8,8,9,46
"Office",2,"Master",7,15,5,2791,"no",8,8,3,35
"Other",6,"High School",5,12,26,2380,"no",9,9,1,24
"Office",7,"Bachelor",9,18,30,3397,"yes",8,8,5,74
"Hardware",7,"High School",5,12,30,3570,"no",7,7,10,27
"Office",6,"High School",10,10,57,2023,"no",8,8,11,61
"Software",5,"Bachelor",6,12,64,2161,"no",7,7,15,57
"Hardware",6,"Master",6,6,25,2992,"no",8,8,10,63
"Hardware",5,"High School",5,8,32,2213,"no",5,5,7,29
"Software",5,"Master",9,8,40,2141,"no",6,6,5,29
"Hardware",7,"High School",3,16,90,2893,"yes",6,6,8,70
"Software",6,"Bachelor",10,12,67,1866,"no",6,6,6,30
"Hardware",8,"Bachelor",6,6,23,10127,"no",8,8,4,73
"Hardware",4,"Bachelor",7,10,43,2401,"no",7,7,2,76
"Hardware",5,"Bachelor",3,7,61,3407,"no",8,8,6,62
"Software",7,"Master",7,18,32,3960,"no",8,8,3,18
"Hardware",6,"High School",4,14,65,3025,"no",7,7,5,51
"Hardware",5,"Master",4,10,53,2185,"no",6,6,2,3
"Office",4,"High School",9,13,85,2579,"no",6,6,11,78
"Office",7,"High School",8,25,52,3194,"no",6,6,9,70
"Office",6,"Master",7,29,0,2463,"no",7,7,9,79
"Hardware",5,"Bachelor",3,14,44,3589,"no",5,5,6,56
"Hardware",3,"Bachelor",5,6,38,1993,"no",8,8,3,30
"Hardware",7,"Bachelor",6,12,47,2660,"no",8,8,3,48
"Hardware",6,"Bachelor",4,9,49,2747,"no",8,8,3,50
"Hardware",7,"Bachelor",8,7,32,4013,"no",8,8,3,79
"Hardware",6,"Bachelor",5,17,53,3824,"yes",6,6,10,56
"Office",7,"Master",6,18,21,5764,"yes",6,6,5,60
"Office",6,"Bachelor",4,25,23,3100,"yes",6,6,4,54
"Office",6,"High School",8,12,46,2997,"no",4,4,2,66
"Office",7,"Bachelor",8,6,70,3356,"no",6,5,14,98
"Hardware",4,"High School",7,10,53,2305,"no",8,8,2,36
"Hardware",6,"Bachelor",4,21,17,2657,"no",7,7,5,32
"Other",4,"Master",6,18,60,2255,"no",7,7,7,44
"Software",8,"High School",6,17,14,3614,"no",7,7,7,41
"Office",5,"Master",6,11,28,3013,"no",7,7,5,68
"Other",6,"High School",6,16,72,2205,"no",7,7,2,10
"Hardware",6,"Bachelor",4,16,29,2180,"no",6,6,2,26
"Software",7,"High School",8,12,23,5365,"no",7,7,2,44
"Other",6,"High School",8,14,29,2473,"no",7,6,1,30
"Other",6,"Master",8,14,57,2380,"no",7,7,4,53
"Hardware",7,"Bachelor",6,12,0,4149,"no",7,7,2,52
"Other",7,"High School",5,18,55,3738,"no",8,8,4,44
"Office",5,"Master",8,12,55,1986,"yes",9,9,2,33
"Office",6,"Bachelor",8,14,69,4080,"no",8,7,5,78
"Office",5,"Bachelor",8,13,55,2767,"no",6,6,2,62
"Hardware",4,"Bachelor",4,15,41,2339,"no",10,10,7,40
"Office",6,"High School",10,8,7,2263,"yes",7,7,1,65
"Hardware",7,"High School",6,16,58,3017,"no",8,8,6,73
"Hardware",8,"Master",6,14,33,5280,"no",7,7,4,50
"Office",8,"High School",8,4,34,3528,"yes",7,7,6,53
"Hardware",7,"Bachelor",4,18,20,2608,"no",8,8,2,59
"Hardware",6,"Master",6,10,0,3243,"no",7,7,4,55
"Office",7,"Master",6,15,53,4369,"yes",6,6,5,49
"Hardware",6,"Bachelor",4,14,35,3365,"yes",6,6,1,25
"Software",7,"Bachelor",8,16,63,2954,"no",8,8,6,62
"Hardware",7,"High School",4,6,41,4089,"no",7,7,7,51
"Hardware",7,"High School",3,18,70,3028,"no",6,6,8,36
"Office",4,"High School",7,12,52,3042,"no",8,9,3,50
"Other",7,"High School",8,19,28,3114,"no",6,6,6,57
"Other",6,"Bachelor",6,14,49,2645,"no",5,5,4,28
"Office",7,"High School",6,17,37,4099,"no",6,6,3,53
"Office",5,"Bachelor",7,21,44,2779,"no",7,7,1,54
"Hardware",3,"Bachelor",5,16,38,1876,"no",9,9,4,16
"Hardware",6,"Bachelor",0,13,34,2621,"no",8,8,6,36
"Office",9,"High School",6,11,11,6164,"no",8,8,11,76
"Office",8,"Master",8,17,22,6173,"no",8,8,2,73
"Hardware",6,"High School",5,13,52,2609,"no",6,6,4,49
"Office",6,"Bachelor",7,13,44,2704,"no",5,5,3,45
"Office",6,"Master",8,21,0,2875,"no",6,5,4,59
"Hardware",7,"High School",4,25,42,2194,"no",6,6,6,38
"Office",3,"Bachelor",10,18,32,2356,"no",7,7,7,79
"Office",6,"Bachelor",8,13,40,5106,"no",7,7,1,83
"Hardware",6,"High School",4,16,52,3157,"no",7,7,6,61
"Hardware",6,"Master",6,18,44,3961,"no",5,5,5,56
"Office",7,"Bachelor",7,5,31,6996,"yes",6,6,2,68
"Hardware",6,"High School",5,13,53,3124,"no",9,9,4,44
"Software",3,"Bachelor",7,26,54,2121,"no",7,7,7,27
"Office",8,"PhD",6,18,30,2789,"no",7,7,4,54
"Hardware",7,"Bachelor",2,26,46,3205,"no",7,7,11,59
"Hardware",7,"Bachelor",6,16,42,2315,"no",8,8,3,53
"Software",6,"Bachelor",9,12,17,3272,"no",6,6,7,68
"Office",7,"Bachelor",6,11,41,3678,"no",8,8,0,69
"Software",7,"Bachelor",8,13,34,2989,"yes",7,7,6,42
"Hardware",7,"Bachelor",7,13,80,3656,"yes",7,7,7,55
"Hardware",6,"Master",4,21,41,2021,"yes",7,7,4,39
"Hardware",7,"Bachelor",4,15,18,2342,"no",8,8,3,46
"Office",7,"PhD",10,12,0,2865,"yes",8,8,12,62
"Office",6,"High School",10,2,40,4096,"no",9,9,2,82
"Office",4,"Master",8,17,50,2575,"no",7,7,4,63
"Office",5,"High School",7,16,44,2074,"no",7,7,8,28
"Hardware",7,"Bachelor",6,14,40,3964,"no",7,7,3,55
"Hardware",7,"Bachelor",6,23,33,4254,"no",7,7,5,71
"Hardware",8,"High School",5,23,52,3192,"no",7,7,2,19
"Office",2,"High School",8,17,46,1827,"no",6,6,6,24
"Office",7,"High School",8,17,42,2712,"no",7,7,3,38
"Office",4,"High School",8,21,23,2644,"no",9,9,2,45
"Other",6,"High School",6,4,3,2301,"yes",6,5,4,19
"Office",6,"High School",10,11,0,2997,"no",6,6,9,63
"Hardware",6,"Bachelor",4,10,70,5361,"no",8,8,3,82
"Office",7,"Bachelor",10,14,11,2904,"no",6,6,2,74
"Software",6,"Bachelor",6,20,22,3206,"no",9,9,7,60
"Other",4,"Bachelor",6,15,64,1871,"yes",7,7,2,32
"Hardware",8,"High School",5,6,30,3979,"yes",8,8,7,53
"Hardware",6,"Bachelor",4,19,18,3066,"no",7,7,7,42
"Hardware",8,"High School",4,10,31,3697,"no",7,7,1,47
"Hardware",7,"Bachelor",5,19,44,2931,"yes",5,5,5,34
"Hardware",5,"Master",6,17,8,2791,"no",8,8,5,36
"Office",7,"High School",6,18,67,5003,"yes",6,6,7,75
"Hardware",6,"Bachelor",9,16,40,3169,"yes",6,6,9,78
"Office",5,"High School",9,17,10,2531,"no",8,8,5,36
"Other",7,"High School",6,16,54,3637,"no",10,10,15,70
"Other",7,"Bachelor",8,18,10,3180,"no",6,6,1,38
"Hardware",6,"Bachelor",4,15,31,4367,"yes",7,7,0,45
"Software",7,"Master",8,21,21,3491,"no",8,8,9,26
"Hardware",7,"Bachelor",4,18,89,2472,"no",7,7,4,35
"Hardware",7,"High School",2,12,21,4317,"no",5,5,9,41
"Hardware",5,"Bachelor",5,16,32,2148,"yes",6,6,3,52
"Office",8,"High School",6,14,45,3948,"yes",6,6,12,57
"Hardware",8,"Bachelor",2,19,17,7493,"no",6,6,3,53
"Hardware",6,"High School",0,21,0,2521,"no",6,6,8,13
"Office",3,"High School",8,15,27,2951,"no",7,7,4,52
"Office",6,"High School",10,23,51,2428,"no",5,5,4,22
"Hardware",7,"PhD",5,17,47,2333,"yes",7,7,2,28
"Office",6,"Bachelor",7,14,32,3067,"yes",8,8,12,68
"Hardware",6,"High School",4,15,69,2049,"no",8,8,1,25
"Hardware",6,"Bachelor",4,12,23,3917,"no",8,8,12,56
"Hardware",7,"High School",5,11,46,3083,"no",9,9,5,36
"Office",6,"Master",10,15,47,2330,"yes",6,6,1,47
"Hardware",6,"Bachelor",8,17,59,2853,"no",8,8,8,73
"Other",8,"High School",6,8,29,2111,"no",7,7,7,9
"Other",6,"Bachelor",6,22,55,2441,"no",7,7,8,49
"Hardware",6,"High School",3,14,69,3320,"no",5,5,3,31
"Hardware",7,"Bachelor",8,9,60,2729,"no",7,7,2,60
"Office",7,"Bachelor",8,5,0,3979,"no",7,7,5,67
"Hardware",6,"Bachelor",4,22,14,3020,"yes",6,6,2,55
"Office",8,"High School",9,16,19,4445,"no",6,6,1,64
"Hardware",8,"High School",4,17,21,3383,"yes",7,7,4,26
"Office",5,"High School",10,19,37,2696,"no",8,8,6,71
"Software",6,"High School",8,16,40,2540,"no",8,8,3,16
"Office",6,"Bachelor",9,10,0,2502,"no",7,7,6,52
"Software",6,"Master",10,9,38,2097,"no",8,8,6,30
"Hardware",5,"Master",4,9,77,3746,"yes",6,6,2,59
"Office",10,"High School",8,22,38,3802,"no",7,7,1,54
"Hardware",5,"Master",6,9,31,2021,"yes",9,9,7,22
"Hardware",7,"High School",5,15,51,4673,"no",8,8,1,77
"Office",5,"Bachelor",8,14,46,2631,"no",7,7,2,32
"Other",7,"Master",7,13,76,2582,"yes",7,7,1,45
"Office",7,"Bachelor",9,10,55,6853,"yes",7,7,4,82
"Hardware",7,"Bachelor",5,9,42,2836,"no",7,7,10,29
"Office",8,"High School",10,12,42,4022,"no",7,7,4,76
"Office",4,"High School",9,15,38,2371,"no",7,7,5,55
"Hardware",3,"Master",6,17,39,2627,"no",7,7,1,23
"Software",8,"High School",9,17,34,3506,"no",6,6,3,35
"Office",7,"High School",9,13,66,2278,"no",7,7,2,38
"Software",8,"Bachelor",9,17,40,2741,"no",7,6,14,42
"Office",4,"Bachelor",9,18,55,1880,"no",6,6,2,30
"Other",5,"High School",6,12,21,3512,"yes",7,8,8,57
"Other",2,"High School",6,13,38,2115,"no",6,6,4,23
"Software",7,"Bachelor",6,13,43,2823,"no",6,6,0,32
"Office",5,"Bachelor",8,18,45,2292,"no",6,6,5,47
"Other",7,"High School",5,16,52,3152,"no",8,9,3,38
"Office",4,"Bachelor",7,12,20,2198,"no",8,8,4,51
"Other",6,"Bachelor",6,19,56,2566,"no",6,6,5,36
"Hardware",6,"Bachelor",5,9,53,2356,"no",5,5,8,37
"Office",7,"High School",8,18,53,3119,"no",8,8,1,59
"Software",6,"High School",9,22,79,3326,"no",7,7,10,27
"Office",6,"Master",8,13,48,2416,"no",7,7,4,30
"Hardware",7,"High School",6,23,50,3875,"no",7,7,6,66
"Office",7,"High School",10,17,58,2833,"no",6,6,4,48
"Other",4,"Bachelor",6,19,57,1994,"no",7,7,3,-2
"Hardware",7,"High School",5,20,52,2213,"no",7,7,4,54
"Office",9,"Master",4,15,50,7979,"no",7,7,8,64
"Software",7,"High School",8,10,39,3850,"no",8,8,2,25
"Software",7,"High School",10,20,0,3510,"no",6,6,4,43
"Office",6,"Bachelor",9,15,21,1952,"no",7,7,4,62
